		  NONPERIODIC TEMPLATES TEST
-------------------------------------------------------------------------------------
		  COMPUTATIONAL INFORMATION
-------------------------------------------------------------------------------------
	LAMBDA = 24.398438	M = 12500	N = 8	m = 9	n = 100000
-------------------------------------------------------------------------------------
		F R E Q U E N C Y
Template   W_1  W_2  W_3  W_4  W_5  W_6  W_7  W_8    Chi^2   P_value Assignment Index
-------------------------------------------------------------------------------------
000000001   27   31   15   29   20   22   20   26  8.764137 0.362582 SUCCESS   0
000000011   19   31   17   26   18   23   23   17  9.727979 0.284640 SUCCESS   1
000000101   21   13   20   29   22   20   25   20  9.608823 0.293561 SUCCESS   2
000000111   22   32   23   27   26   23   27   22  3.783401 0.876118 SUCCESS   3
000001001   24   25   27   25   18   23   30   22  3.714555 0.881916 SUCCESS   4
000001011   19   14   22   31   24   16   17   26 13.328487 0.101036 SUCCESS   5
000001101   28   31   23   16   18   25   24   19  8.458302 0.390028 SUCCESS   6
000001111   25   30   24   23   33   14   23   22  9.476427 0.303711 SUCCESS   7
000010001   27   29   23   22   21   21   32   29  5.834214 0.665796 SUCCESS   8
000010011   30   23   23   23   20   21   32   21  5.824284 0.666907 SUCCESS   9
000010101   26   22   21   27   20   24   31   22  4.044883 0.853051 SUCCESS  10
000010111   23   17   31   25   21   20   20   28  6.941706 0.542935 SUCCESS  11
000011001   24   22   23   31   26   12   18   24 10.542214 0.229011 SUCCESS  12
000011011   26   35   20   18   26   28   17   20 11.221406 0.189467 SUCCESS  13
000011101   30   30   24   29   24   25   22   24  3.835035 0.871692 SUCCESS  14
000011111   26   29   20   19   30   22   26   29  5.638930 0.687604 SUCCESS  15
000100011   29   25   30   16   23   14   21   27 10.669977 0.221109 SUCCESS  16
000100101   17   19   17   22   25   30   29   25  8.373569 0.397855 SUCCESS  17
000100111   20   20   27   26   13   25   25   31  9.416187 0.308412 SUCCESS  18
000101001   20   31   30   22   24   28   17   24  7.121103 0.523625 SUCCESS  19
000101011   20   27   28   24   21   20   33   23  6.189035 0.626066 SUCCESS  20
000101101   24   13   19   29   21   19   22   30 10.940064 0.205118 SUCCESS  21
000101111   21   20   30   22   27   22   27   26  3.807894 0.874027 SUCCESS  22
000110011   19   27   17   34   19   20   20   25 10.635554 0.223216 SUCCESS  23
000110101   37   21   30   21   20   29   27   27 11.325999 0.183903 SUCCESS  24
000110111   21   30   26   20   27   27   25   17  5.654818 0.685834 SUCCESS  25
000111001   23   29   32   22   30   29   27   28  6.734507 0.565530 SUCCESS  26
000111011   31   24   26   28   29   27   31   20  6.361150 0.606847 SUCCESS  27
000111101   27   23   24   25   16   25   30   28  5.274179 0.727910 SUCCESS  28
000111111   30   27   20   30   28   25   27   20  5.436364 0.710080 SUCCESS  29
001000011   23   29   26   26   30   33   18   23  7.478572 0.485984 SUCCESS  30
001000101   25   23   21   21   19   26   27   23  2.789769 0.946850 SUCCESS  31
001000111   30   25   28   24   29   26   24   20  3.733090 0.880366 SUCCESS  32
001001011   24   22   26   19   25   28   25   22  2.417736 0.965457 SUCCESS  33
001001101   25   29   30   24   32   18   26   19  7.774477 0.455804 SUCCESS  34
001001111   23   20   22   38   20   24   26   31 11.765553 0.161975 SUCCESS  35
001010011   22   26   16   24   25   28   22   23  4.238843 0.834957 SUCCESS  36
001010101   22   18   29   31   28   23   26   24  5.469463 0.706421 SUCCESS  37
001010111   25   22   26   21   27   22   26   27  1.782898 0.986959 SUCCESS  38
001011011   18   22   27   17   16   22   23   26  8.007494 0.432738 SUCCESS  39
001011101   25   32   20   18   26   28   21   26  6.273769 0.616595 SUCCESS  40
001011111   25   22   23   27   38   29   26   25  9.487681 0.302839 SUCCESS  41
001100101   23   26   24   22   25   22   25   35  5.478069 0.705469 SUCCESS  42
001100111   20   26   14   34   24   28   26   28 10.629596 0.223583 SUCCESS  43
001101011   37   23   23   26   25   29   33   26 11.157856 0.192914 SUCCESS  44
001101101   28   23   21   20   22   26   27   23  2.663331 0.953679 SUCCESS  45
001101111   25   33   21   15   26   24   26   19  8.840264 0.355950 SUCCESS  46
001110101   22   29   36   27   25   24   18   25  8.901829 0.350645 SUCCESS  47
001110111   33   32   21   27   30   28   27   14 13.105400 0.108274 SUCCESS  48
001111011   22   23   22   22   20   28   29   31  4.926640 0.765387 SUCCESS  49
001111101   27   30   17   18   26   22   33   24  9.163311 0.328707 SUCCESS  50
001111111   29   23   29   27   21   27   25   22  3.198873 0.921264 SUCCESS  51
010000011   26   24   22   18   31   16   25   20  7.763223 0.456934 SUCCESS  52
010000111   18   30   19   23   35   33   18   30 15.341568 0.052834 SUCCESS  53
010001011   25   15   29   23   15   17   18   29 13.430432 0.097873 SUCCESS  54
010001111   28   22   27   27   26   20   30   25  3.639751 0.888077 SUCCESS  55
010010011   29   21   27   25   31   17   26   27  6.249275 0.619331 SUCCESS  56
010010111   21   23   23   17   31   30   30   30  8.808489 0.358708 SUCCESS  57
010011011   27   29   20   20   20   29   21   26  5.137811 0.742750 SUCCESS  58
010011111   21   18   25   30   19   26   27   29  6.095696 0.636513 SUCCESS  59
010100011   28   18   31   30   28   24   31   25  7.877746 0.445503 SUCCESS  60
010100111   17   28   29   25   28   20   30   26  6.588209 0.581641 SUCCESS  61
010101011   24   21   26   27   23   28   28   21  2.562710 0.958742 SUCCESS  62
010101111   24   24   28   25   24   21   25   22  1.333413 0.995141 SUCCESS  63
010110011   19   25   26   22   32   25   23   27  4.435451 0.815856 SUCCESS  64
010110111   21   26   28   26   18   23   21   29  4.459944 0.813427 SUCCESS  65
010111011   32   29   25   22   27   16   17   24  9.205015 0.325298 SUCCESS  66
010111111   25   30   27   26   30   30   30   27  6.014935 0.645559 SUCCESS  67
011000111   25   32   32   28   14   24   23   24 10.138407 0.255446 SUCCESS  68
011001111   15   25   15   32   25   23   28   26 10.704400 0.219017 SUCCESS  69
011010111   26   18   17   24   21   23   27   22  5.271531 0.728199 SUCCESS  70
011011111   19   30   32   15   27   19   21   21 11.254505 0.187691 SUCCESS  71
011101111   32   35   28   29   29   27   30   20 11.989302 0.151682 SUCCESS  72
011111111   27   24   35   23   19   26   24   18  8.222637 0.412030 SUCCESS  73
100000000   27   31   15   29   20   22   20   26  8.764137 0.362582 SUCCESS  74
100010000   24   28   23   29   22   27   25   23  2.164860 0.975536 SUCCESS  75
100100000   19   21   25   25   26   21   27   20  3.459031 0.902346 SUCCESS  76
100101000   17   20   29   22   25   26   35   22  9.408905 0.308983 SUCCESS  77
100110000   23   23   25   20   26   21   16   13 10.091406 0.258669 SUCCESS  78
100111000   28   23   30   19   21   20   26   28  5.163629 0.739953 SUCCESS  79
101000000   29   28   23   25   15   28   28   31  8.232567 0.411088 SUCCESS  80
101000100   21   19   20   24   21   28   30   20  5.738227 0.676527 SUCCESS  81
101001000   27   22   25   16   29   21   21   29  6.306868 0.612900 SUCCESS  82
101001100   22   24   25   22   24   18   21   32  5.188122 0.737293 SUCCESS  83
101010000   22   28   29   27   28   23   21   35  7.860534 0.447211 SUCCESS  84
101010100   24   17   37   20   31   18   27   38 21.578742 0.005759 FAILURE  85
101011000   24   29   28   28   18   21   35   29  9.885531 0.273152 SUCCESS  86
101011100   33   19   19   27   25   28   23   21  7.027764 0.533640 SUCCESS  87
101100000   29   26   33   26   21   21   25   28  5.792509 0.670461 SUCCESS  88
101100100   29   21   13   26   19   25   21   26  8.847546 0.355320 SUCCESS  89
101101000   35   27   20   24   18   27   30   20 10.045068 0.261877 SUCCESS  90
101101100   29   19   22   20   25   33   18   25  8.094875 0.424258 SUCCESS  91
101110000   26   17   24   23   24   28   29   27  4.257378 0.833187 SUCCESS  92
101110100   19   24   27   25   17   26   24   29  4.875005 0.770848 SUCCESS  93
101111000   22   20   21   22   27   21   21   27  3.348480 0.910626 SUCCESS  94
101111100   24   24   25   24   29   17   24   13  8.762813 0.362698 SUCCESS  95
110000000   23   28   16   29   24   19   25   24  5.781256 0.671719 SUCCESS  96
110000010   22   20   30   32   27   26   24   25  5.258292 0.729646 SUCCESS  97
110000100   23   20   22   11   23   21   29   19 11.455747 0.177188 SUCCESS  98
110001000   23   24   35   22   26   22   20   29  7.164132 0.519032 SUCCESS  99
110001010   27   32   36   24   29   17   20   28 13.029273 0.110846 SUCCESS 100
110010000   21   22   22   25   26   31   18   13 10.186069 0.252208 SUCCESS 101
110010010   26   19   30   21   23   24   25   29  4.164039 0.842028 SUCCESS 102
110010100   27   18   21   24   38   22   31   20 13.264937 0.103053 SUCCESS 103
110011000   19   29   31   25   22   21   16   16 10.703076 0.219097 SUCCESS 104
110011010   20   14   26   27   28   23   20   30  8.577458 0.379184 SUCCESS 105
110100000   28   28   23   22   15   19   27   21  7.178695 0.517481 SUCCESS 106
110100010   23   18   25   27   20   19   14   28  9.304312 0.317279 SUCCESS 107
110100100   23   17   22   21   26   21   30   27  5.348983 0.719708 SUCCESS 108
110101000   23   17   30   37   29   24   26   31 13.317896 0.101370 SUCCESS 109
110101010   26   20   34   16   26   23   29   35 13.672717 0.090705 SUCCESS 110
110101100   19   30   24   27   28   32   31   26  7.810224 0.452224 SUCCESS 111
110110000   19   24   25   19   24   24   22   30  4.077982 0.850020 SUCCESS 112
110110010   33   20   17   20   21   18   26   28  9.974898 0.266792 SUCCESS 113
110110100   34   26   20   20   24   27   28   15 10.239028 0.248649 SUCCESS 114
110111000   22   20   25   24   29   24   26   30  3.427256 0.904761 SUCCESS 115
110111010   23   31   33   31   16   24   21   23 10.477340 0.233107 SUCCESS 116
110111100   25   28   21   22   25   32   24   18  5.502562 0.702756 SUCCESS 117
111000000   26   20   13   24   22   15   29   21 11.811892 0.159796 SUCCESS 118
111000010   25   17   26   20   25   23   22   22  3.848275 0.870547 SUCCESS 119
111000100   25   17   29   26   26   24   23   32  5.986469 0.648748 SUCCESS 120
111000110   29   22   23   35   23   30   22   31  9.487681 0.302839 SUCCESS 121
111001000   16   28   29   29   27   31   25   13 12.984920 0.112370 SUCCESS 122
111001010   28   23   25   23   30   25   21   24  2.571316 0.958322 SUCCESS 123
111001100   19   32   33   24   30   29   17   23 11.452437 0.177357 SUCCESS 124
111010000   20   36   23   29   19   23   22   24  9.069971 0.336428 SUCCESS 125
111010010   22   20   20   14   26   19   35   28 13.118640 0.107832 SUCCESS 126
111010100   26   26   32   33   24   26   21   30  7.734096 0.459866 SUCCESS 127
111010110   23   29   22   24   30   27   27   23  3.216084 0.920074 SUCCESS 128
111011000   22   29   27   24   18   22   25   18  5.162305 0.740096 SUCCESS 129
111011010   27   24   15   23   33   35   30   18 15.078762 0.057632 SUCCESS 130
111011100   21   29   28   24   25   23   25   20  2.875826 0.941907 SUCCESS 131
111100000   20   24   15   27   23   21   26   21  6.025526 0.644372 SUCCESS 132
111100010   27   21   29   25   29   24   32   30  6.369756 0.605888 SUCCESS 133
111100100   17   23   33   28   24   32   28   16 12.078670 0.147728 SUCCESS 134
111100110   17   26   30   23   38   29   15   23 16.400074 0.036999 SUCCESS 135
111101000   27   36   24   23   17   26   20   28  9.875601 0.273866 SUCCESS 136
111101010   30   28   29   22   16   23   31   27  8.223961 0.411904 SUCCESS 137
111101100   15   32   21   25   17   16   25   22 12.261376 0.139917 SUCCESS 138
111101110   21   29   32   32   20   25   30   27  8.733686 0.365258 SUCCESS 139
111110000   17   15   16   21   24   17   27   23 12.234235 0.141055 SUCCESS 140
111110010   22   22   30   25   27   31   27   15  7.994254 0.434032 SUCCESS 141
111110100   23   27   21   28   27   26   21   22  2.536893 0.959988 SUCCESS 142
111110110   25   30   15   27   20   23   30   20  8.425203 0.393074 SUCCESS 143
111111000   28   26   27   26   25   26   32   32  6.073851 0.638960 SUCCESS 144
111111010   24   23   27   28   21   18   31   24  5.002768 0.757280 SUCCESS 145
111111100   24   19   25   30   28   27   25   21  3.927050 0.863644 SUCCESS 146
111111110   27   24   35   23   19   26   24   18  8.222637 0.412030 SUCCESS 147

		  NONPERIODIC TEMPLATES TEST
-------------------------------------------------------------------------------------
		  COMPUTATIONAL INFORMATION
-------------------------------------------------------------------------------------
	LAMBDA = 24.398438	M = 12500	N = 8	m = 9	n = 100000
-------------------------------------------------------------------------------------
		F R E Q U E N C Y
Template   W_1  W_2  W_3  W_4  W_5  W_6  W_7  W_8    Chi^2   P_value Assignment Index
-------------------------------------------------------------------------------------
000000001   27   22   23   20   24   34   26   20  6.273769 0.616595 SUCCESS   0
000000011   23   20   22   26   23   30   23   30  4.079306 0.849898 SUCCESS   1
000000101   24   21   21   21   23   31   22   16  6.635872 0.576379 SUCCESS   2
000000111   27   28   24   25   26   25   21   25  1.486993 0.992922 SUCCESS   3
000001001   32   29   24   28   23   34   29   25  8.802532 0.359227 SUCCESS   4
000001011   28   28   28   26   28   30   31   27  5.769340 0.673051 SUCCESS   5
000001101   20   18   27   26   17   24   25   19  6.525321 0.588600 SUCCESS   6
000001111   28   16   21   22   25   27   25   21  5.077571 0.749254 SUCCESS   7
000010001   22   16   26   26   25   20   18   26  6.127471 0.632956 SUCCESS   8
000010011   29   23   19   24   24   29   25   21  3.629821 0.888884 SUCCESS   9
000010101   19   26   27   22   29   32   30   23  6.631238 0.576890 SUCCESS  10
000010111   25   27   25   24   24   32   23   30  4.191180 0.839476 SUCCESS  11
000011001   23   21   30   20   34   19   20   25  8.696615 0.368532 SUCCESS  12
000011011   16   22   27   27   25   20   21   21  5.619071 0.689815 SUCCESS  13
000011101   19   22   25   29   34   27   17   26  9.011055 0.341364 SUCCESS  14
000011111   33   28   24   17   23   28   21   18  8.866082 0.353719 SUCCESS  15
000100011   24   17   32   31   27   27   18   23  9.011055 0.341364 SUCCESS  16
000100101   29   37   23   28   22   27   16   22 12.019753 0.150325 SUCCESS  17
000100111   24   23   21   26   25   29   28   22  2.393243 0.966523 SUCCESS  18
000101001   27   24   18   22   20   21   21   18  5.804425 0.669129 SUCCESS  19
000101011   24   16   27   22   25   30   24   35  9.638612 0.291312 SUCCESS  20
000101101   23   28   28   22   36   14   35   25 16.486131 0.035928 SUCCESS  21
000101111   15   22   23   11   21   29   25   21 13.565476 0.093818 SUCCESS  22
000110011   29   21   26   24   31   16   28   27  7.172737 0.518116 SUCCESS  23
000110101   26   15   23   24   22   24   25   25  4.221631 0.836594 SUCCESS  24
000110111   21   30   34   31   20   15   25   31 13.994439 0.081910 SUCCESS  25
000111001   24   19   19   19   26   30   24   23  5.238432 0.731815 SUCCESS  26
000111011   25   20   25   28   43   24   27   33 19.487547 0.012459 SUCCESS  27
000111101   24   24   22   17   28   25   23   30  4.553283 0.804079 SUCCESS  28
000111111   27   35   27   20   30   26   17   22 10.155618 0.254273 SUCCESS  29
001000011   28   20   23   21   25   21   27   31  4.579100 0.801468 SUCCESS  30
001000101   21   13   23   26   23   22   23   29  7.491812 0.484614 SUCCESS  31
001000111   25   30   27   30   30   19   24   20  6.351220 0.607953 SUCCESS  32
001001011   24   28   24   29   24   32   17   34 10.139731 0.255355 SUCCESS  33
001001101   25   24   21   24   27   16   21   18  6.016921 0.645336 SUCCESS  34
001001111   24   29   21   24   19   25   19   23  3.967431 0.860050 SUCCESS  35
001010011   21   31   20   17   16   20   27   20 10.388635 0.238801 SUCCESS  36
001010101   19   24   31   19   29   27   26   24  5.621719 0.689520 SUCCESS  37
001010111   28   24   26   25   17   19   17   36 12.255418 0.140166 SUCCESS  38
001011011   26   30   16   23   40   27   26   22 15.460724 0.050782 SUCCESS  39
001011101   36   33   21   25   24   27   24   21 10.131125 0.255943 SUCCESS  40
001011111   14   18   24   20   22   35   22   26 12.499689 0.130263 SUCCESS  41
001100101   24   21   27   29   28   22   21   28  3.511989 0.898257 SUCCESS  42
001100111   30   24   28   28   22   18   21   29  5.799791 0.669647 SUCCESS  43
001101011   27   17   25   23   23   22   31   24  4.883611 0.769940 SUCCESS  44
001101101   14   21   23   30   17   35   34   16 20.457348 0.008738 FAILURE  45
001101111   26   28   25   26   21   14   22   22  6.339967 0.609208 SUCCESS  46
001110101   25   24   27   30   32   20   29   14 10.384001 0.239101 SUCCESS  47
001110111   24   28   26   24   34   18   31   38 15.996266 0.042434 SUCCESS  48
001111011   27   26   22   21   28   23   20   30  3.909839 0.865165 SUCCESS  49
001111101   29   26   26   30   21   23   18   26  4.859118 0.772522 SUCCESS  50
001111111   26   36   31   21   27   35   21   24 13.691252 0.090176 SUCCESS  51
010000011   20   19   27   23   22   22   19   25  4.161391 0.842276 SUCCESS  52
010000111   31   29   20   25   29   30   26   35 10.675272 0.220786 SUCCESS  53
010001011   27   15   18   22   21   17   19   23 10.133111 0.255807 SUCCESS  54
010001111   21   22   27   23   24   27   18   20  3.950220 0.861587 SUCCESS  55
010010011   33   25   31   28   21   24   24   21  6.537899 0.587207 SUCCESS  56
010010111   29   27   24   29   24   30   26   29  4.429493 0.816445 SUCCESS  57
010011011   23   21   18   20   20   20   25   16  7.769181 0.456336 SUCCESS  58
010011111   26   27   18   30   22   30   27   28  5.868637 0.661944 SUCCESS  59
010100011   18   19   18   22   27   20   25   21  6.558420 0.584935 SUCCESS  60
010100111   21   29   13   21   20   25   28   27  9.051436 0.337975 SUCCESS  61
010101011   17   25   27   20   25   24   33   22  6.841085 0.553872 SUCCESS  62
010101111   22   33   21   29   32   17   28   29 10.978459 0.202923 SUCCESS  63
010110011   22   22   26   28   19   22   26   18  4.467226 0.812703 SUCCESS  64
010110111   31   25   24   24   34   23   25   24  5.885849 0.660017 SUCCESS  65
010111011   26   27   25   25   12   19   25   22  8.432485 0.392403 SUCCESS  66
010111111   18   25   26   27   24   30   18   31  7.062187 0.529938 SUCCESS  67
011000111   22   32   30   12   33   20   28   30 16.366975 0.037419 SUCCESS  68
011001111   26   23   27   22   24   21   19   28  3.002265 0.934215 SUCCESS  69
011010111   33   22   21   21   22   29   24   20  6.324079 0.610980 SUCCESS  70
011011111   31   28   26   25   29   22   24   21  4.156757 0.842710 SUCCESS  71
011101111   22   22   21   27   23   29   36   31  9.792191 0.279915 SUCCESS  72
011111111   27   35   28   23   28   32   26   25  8.802532 0.359227 SUCCESS  73
100000000   27   22   23   20   24   34   26   20  6.273769 0.616595 SUCCESS  74
100010000   24   17   27   22   24   18   27   26  4.992838 0.758341 SUCCESS  75
100100000   26   26   28   23   27   26   28   18  3.529200 0.896912 SUCCESS  76
100101000   32   16   34   26   26   21   29   22 11.189631 0.191184 SUCCESS  77
100110000   24   20   27   25   25   31   12   29 10.399889 0.238073 SUCCESS  78
100111000   29   15   27   23   21   19   29   22  7.873774 0.445897 SUCCESS  79
101000000   26   23   41   17   28   26   31   21 17.181210 0.028277 SUCCESS  80
101000100   20   23   33   17   21   22   25   27  7.391191 0.495073 SUCCESS  81
101001000   21   31   26   25   31   18   27   15 10.069561 0.260178 SUCCESS  82
101001100   28   27   34   31   18   26   19   28 10.215858 0.250201 SUCCESS  83
101010000   15   26   27   24   29   26   34   30 10.385325 0.239016 SUCCESS  84
101010100   23   17   22   20   22   25   23   33  6.941706 0.542935 SUCCESS  85
101011000   25   20   25   23   35   24   25   21  6.206247 0.624141 SUCCESS  86
101011100   33   29   15   19   19   28   23   22 11.119461 0.195022 SUCCESS  87
101100000   25   19   12   31   23   31   19   22 13.016695 0.111276 SUCCESS  88
101100100   23   19   17   18   25   22   26   30  7.068144 0.529299 SUCCESS  89
101101000   18   25   24   20   28   28   28   20  5.044472 0.752812 SUCCESS  90
101101100   17   30   23   19   28   24   23   18  7.339556 0.500479 SUCCESS  91
101110000   24   25   21   19   31   32   11   24 13.652858 0.091274 SUCCESS  92
101110100   28   28   27   25   24   37   25   23  8.233891 0.410963 SUCCESS  93
101111000   19   26   24   14   30   22   27   20  8.610557 0.376206 SUCCESS  94
101111100   23   19   24   29   24   21   27   25  3.019476 0.933129 SUCCESS  95
110000000   25   26   16   29   24   35   17   27 11.383591 0.180897 SUCCESS  96
110000010   30   26   30   32   19   30   23   33 10.996995 0.201870 SUCCESS  97
110000100   22   26   20   31   28   23   27   26  4.046207 0.852931 SUCCESS  98
110001000   28   23   30   30   27   27   27   23  4.234209 0.835398 SUCCESS  99
110001010   29   17   19   18   22   20   22   27  7.779111 0.455339 SUCCESS 100
110010000   26   21   28   22   28   28   24   26  2.605739 0.956618 SUCCESS 101
110010010   18   24   22   20   22   24   24   34  6.967524 0.540141 SUCCESS 102
110010100   30   22   31   24   23   16   26   21  7.095286 0.526388 SUCCESS 103
110011000   19   20   21   25   25   25   20   31  5.255644 0.729936 SUCCESS 104
110011010   30   27   21   19   25   26   29   18  6.095696 0.636513 SUCCESS 105
110100000   26   25   29   14   27   27   26   16  9.272537 0.319829 SUCCESS 106
110100010   19   19   26   16   14   20   23   26 11.158518 0.192878 SUCCESS 107
110100100   22   31   21   26   36   25   28   18 10.689836 0.219900 SUCCESS 108
110101000   17   28   26   28   33   18   26   25  8.519866 0.384401 SUCCESS 109
110101010   21   18   18   21   18   22   30   31  9.601541 0.294113 SUCCESS 110
110101100   29   18   23   20   29   18   24   21  6.661689 0.573534 SUCCESS 111
110110000   26   21   24   29   19   21   22   21  3.958825 0.860819 SUCCESS 112
110110010   27   15   24   18   22   28   28   29  8.010142 0.432480 SUCCESS 113
110110100   23   29   21   22   27   31   25   19  5.096107 0.747256 SUCCESS 114
110111000   30   28   31   29   25   25   21   23  5.225193 0.733258 SUCCESS 115
110111010   24   27   27   22   34   26   23   33  8.055818 0.428037 SUCCESS 116
110111100   24   21   25   16   28   25   29   24  4.968345 0.760954 SUCCESS 117
111000000   29   22   16   28   25   31   16   27  9.815361 0.278225 SUCCESS 118
111000010   23   27   24   26   31   21   30   22  4.393746 0.819967 SUCCESS 119
111000100   28   39   26   37   24   20   27   24 17.538679 0.024964 SUCCESS 120
111000110   27   31   30   29   19   24   31   23  7.530206 0.480650 SUCCESS 121
111001000   22   24   25   24   23   25   21   25  0.875323 0.998920 SUCCESS 122
111001010   21   24   27   18   24   18   27   20  5.364870 0.717961 SUCCESS 123
111001100   27   13   20   23   24   24   20   30  8.856152 0.354576 SUCCESS 124
111010000   27   22   27   16   28   28   23   23  5.070289 0.750038 SUCCESS 125
111010010   30   23   28   24   29   23   30   24  4.284519 0.830584 SUCCESS 126
111010100   19   32   23   37   26   18   24   24 12.350081 0.136254 SUCCESS 127
111010110   29   23   31   15   37   20   26   21 14.714011 0.064951 SUCCESS 128
111011000   24   20   20   27   18   24   30   20  5.822960 0.667055 SUCCESS 129
111011010   25   33   19   27   24   35   20   30 11.588805 0.170515 SUCCESS 130
111011100   31   32   25   23   27   24   20   27  5.792509 0.670461 SUCCESS 131
111100000   27   27   26   24   25   31   23   28  3.182985 0.922355 SUCCESS 132
111100010   25   29   19   29   20   23   27   29  5.130530 0.743538 SUCCESS 133
111100100   16   16   30   18   19   29   20   23 12.074698 0.147902 SUCCESS 134
111100110   27   23   24   26   24   22   19   28  2.519681 0.960807 SUCCESS 135
111101000   24   22   28   18   23   24   23   24  2.713641 0.951024 SUCCESS 136
111101010   23   32   15   31   21   12   30   25 16.466272 0.036172 SUCCESS 137
111101100   23   23   20   22   18   28   22   24  3.763541 0.877803 SUCCESS 138
111101110   35   27   14   25   25   36   27   26 15.757953 0.045979 SUCCESS 139
111110000   21   25   29   30   34   27   29   29  8.717798 0.366659 SUCCESS 140
111110010   13   15   25   21   25   24   21   22 10.506468 0.231261 SUCCESS 141
111110100   32   22   27   24   25   26   18   27  5.130530 0.743538 SUCCESS 142
111110110   25   27   29   23   17   31   20   23  6.349896 0.608101 SUCCESS 143
111111000   27   33   30   26   32   31   27   33 12.575154 0.127327 SUCCESS 144
111111010   30   33   25   23   21   27   21   28  6.377038 0.605077 SUCCESS 145
111111100   24   36   30   27   21   30   19   31 12.224967 0.141445 SUCCESS 146
111111110   27   35   28   23   28   32   26   25  8.802532 0.359227 SUCCESS 147

		  NONPERIODIC TEMPLATES TEST
-------------------------------------------------------------------------------------
		  COMPUTATIONAL INFORMATION
-------------------------------------------------------------------------------------
	LAMBDA = 24.398438	M = 12500	N = 8	m = 9	n = 100000
-------------------------------------------------------------------------------------
		F R E Q U E N C Y
Template   W_1  W_2  W_3  W_4  W_5  W_6  W_7  W_8    Chi^2   P_value Assignment Index
-------------------------------------------------------------------------------------
000000001   34   15   17   22   24   31   23   28 12.696297 0.122735 SUCCESS   0
000000011   30   29   26   18   22   33   18   27  9.469145 0.304276 SUCCESS   1
000000101   30   26   25   18   15   26   24   21  7.534840 0.480173 SUCCESS   2
000000111   26   27   23   25   30   32   21   29  5.657466 0.685539 SUCCESS   3
000001001   27   24   28   33   32   30   33   29 11.786736 0.160976 SUCCESS   4
000001011   31   28   14   22   24   25   19   19  9.712092 0.285818 SUCCESS   5
000001101   24   26   28   16   30   30   17   36 14.333373 0.073479 SUCCESS   6
000001111   30   25   23   23   28   26   21   31  4.504297 0.809003 SUCCESS   7
000010001   17   25   29   22   18   25   30   23  6.637196 0.576233 SUCCESS   8
000010011   24   22   28   28   27   20   29   29  4.250096 0.833883 SUCCESS   9
000010101   31   20   36   27   20   25   17   20 12.628775 0.125277 SUCCESS  10
000010111   38   31   20   30   29   21   28   24 13.775986 0.087794 SUCCESS  11
000011001   20   24   15   25   22   28   25   24  5.399293 0.714170 SUCCESS  12
000011011   20   26   26   23   28   26   27   29  2.961884 0.936727 SUCCESS  13
000011101   16   25   26   31   22   30   28   27  7.368021 0.497496 SUCCESS  14
000011111   29   24   29   25   32   15   14   30 13.916987 0.083955 SUCCESS  15
000100011   23   20   28   23   24   29   31   18  6.019568 0.645040 SUCCESS  16
000100101   35   31   28   21   26   22   24   25  8.021395 0.431383 SUCCESS  17
000100111   27   20   23   26   22   26   25   29  2.562710 0.958742 SUCCESS  18
000101001   29   26   31   16   24   24   26   26  6.071203 0.639256 SUCCESS  19
000101011   22   20   22   28   17   25   18   23  6.008315 0.646300 SUCCESS  20
000101101   17   29   16   21   26   24   24   19  8.050523 0.428551 SUCCESS  21
000101111   31   24   21   29   27   20   30   26  5.783904 0.671423 SUCCESS  22
000110011   23   23   21   21   26   18   26   19  4.330858 0.826107 SUCCESS  23
000110101   22   31   25   29   30   23   25   26  4.538720 0.805547 SUCCESS  24
000110111   23   27   30   30   20   26   22   22  4.444057 0.815004 SUCCESS  25
000111001   26   26   27   28   23   34   17   29  8.258384 0.408646 SUCCESS  26
000111011   24   28   23   31   25   27   24   22  3.038011 0.931950 SUCCESS  27
000111101   19   23   19   20   23   31   21   24  5.797143 0.669943 SUCCESS  28
000111111   23   19   30   22   26   18   21   23  5.305954 0.724431 SUCCESS  29
001000011   23   26   26   22   34   23   26   21  5.130530 0.743538 SUCCESS  30
001000101   13   25   24   21   17   23   21   24  8.913744 0.349625 SUCCESS  31
001000111   21   21   29   24   21   28   31   20  5.587296 0.693350 SUCCESS  32
001001011   38   28   24   19   30   21   23   25 11.545776 0.172650 SUCCESS  33
001001101   20   21   30   27   25   21   25   27  3.731766 0.880477 SUCCESS  34
001001111   25   17   21   20   14   24   28   27  9.067323 0.336649 SUCCESS  35
001010011   26   21   33   19   14   20   25   27 10.669977 0.221109 SUCCESS  36
001010101   33   22   32   24   21   20   32   24  9.596907 0.294465 SUCCESS  37
001010111   24   27   19   26   26   25   18   22  3.739048 0.879867 SUCCESS  38
001011011   19   23   21   22   29   27   28   18  5.518450 0.700995 SUCCESS  39
001011101   29   25   22   16   15   26   17   23 10.397241 0.238244 SUCCESS  40
001011111   25   21   18   18   30   20   33   20 10.076843 0.259674 SUCCESS  41
001100101   28   25   23   20   23   12   23   32 10.593849 0.225791 SUCCESS  42
001100111   20   20   21   24   28   22   17   15  8.989872 0.343151 SUCCESS  43
001101011   20   21   31   28   30   27   25   23  5.419153 0.711980 SUCCESS  44
001101101   24   16   24   20   32   30   28   28  8.697939 0.368415 SUCCESS  45
001101111   21   24   26   23   26   23   20   28  2.248270 0.972439 SUCCESS  46
001110101   22   28   25   20   23   28   28   22  3.053899 0.930930 SUCCESS  47
001110111   19   26   33   25   26   29   18   21  7.722843 0.461001 SUCCESS  48
001111011   17   22   13   22   23   34   16   23 15.370695 0.052326 SUCCESS  49
001111101   20   18   22   22   24   20   22   27  4.398380 0.819512 SUCCESS  50
001111111   28   27   28   20   29   23   19   21  4.909428 0.767211 SUCCESS  51
010000011   31   21   20   22   30   35   24   31 11.343210 0.183000 SUCCESS  52
010000111   16   18   23   29   30   22   18   24  9.017013 0.340863 SUCCESS  53
010001011   20   26   17   18   18   22   24   23  7.049609 0.531290 SUCCESS  54
010001111   22   15   28   27   15   30   28   17 12.762495 0.120287 SUCCESS  55
010010011   24   27   23   22   25   26   27   24  1.037509 0.998000 SUCCESS  56
010010111   32   30   24   18   25   19   25   23  6.866903 0.551059 SUCCESS  57
010011011   26   19   28   17   26   23   21   29  5.789861 0.670757 SUCCESS  58
010011111   20   23   26   21   18   19   23   29  5.449604 0.708617 SUCCESS  59
010100011   25   28   23   28   19   23   28   28  3.613934 0.890170 SUCCESS  60
010100111   25   25   35   29   13   22   23   21 12.009824 0.150766 SUCCESS  61
010101011   28   26   36   26   19   21   30   22  9.766374 0.281808 SUCCESS  62
010101111   34   27   27   31   23   25   18   21  8.647628 0.372888 SUCCESS  63
010110011   19   31   28   26   28   21   17   18  8.831659 0.356696 SUCCESS  64
010110111   24   23   22   27   17   22   24   16  6.177782 0.627325 SUCCESS  65
010111011   24   23   26   19   18   31   22   23  5.340377 0.720653 SUCCESS  66
010111111   30   23   17   22   20   30   24   22  6.374390 0.605371 SUCCESS  67
011000111   22   33   25   27   28   22   23   27  4.843230 0.774193 SUCCESS  68
011001111   21   26   18   26   30   21   19   24  5.501238 0.702903 SUCCESS  69
011010111   21   21   21   28   29   31   22   28  5.554197 0.697028 SUCCESS  70
011011111   29   25   25   24   28   25   18   26  3.342522 0.911062 SUCCESS  71
011101111   19   22   35   22   18   33   22   20 12.416279 0.133574 SUCCESS  72
011111111   31   20   32   25   25   24   19   16  9.374482 0.311696 SUCCESS  73
100000000   34   15   17   22   24   31   23   28 12.696297 0.122735 SUCCESS  74
100010000   29   24   32   20   27   27   31   22  6.835128 0.554521 SUCCESS  75
100100000   26   28   24   31   24   31   27   30  5.980512 0.649415 SUCCESS  76
100101000   24   27   35   28   22   23   24   37 12.665846 0.123876 SUCCESS  77
100110000   23   26   18   20   16   34   33   25 12.789636 0.119295 SUCCESS  78
100111000   24   22   29   23   34   31   23   23  7.148244 0.520726 SUCCESS  79
101000000   26   32   30   29   20   21   21   32  9.029591 0.339806 SUCCESS  80
101000100   25   22   25   22   25   26   27   26  1.037509 0.998000 SUCCESS  81
101001000   20   29   21   24   24   23   30   25  3.647033 0.887484 SUCCESS  82
101001100   30   13   22   20   22   27   18   25 10.177464 0.252791 SUCCESS  83
101010000   21   25   22   27   21   16   23   21  5.084853 0.748470 SUCCESS  84
101010100   37   25   18   29   25   18   30   28 13.003455 0.111731 SUCCESS  85
101011000   27   27   22   30   15   26   25   26  6.121513 0.633623 SUCCESS  86
101011100   24   23   31   28   32   32   31   29 10.125167 0.256351 SUCCESS  87
101100000   32   19   29   26   20   32   22   26  8.308695 0.403912 SUCCESS  88
101100100   17   22   18   23   21   18   24   20  7.430247 0.491001 SUCCESS  89
101101000   26   24   18   24   29   17   18   26  6.915889 0.545734 SUCCESS  90
101101100   25   25   21   18   25   39   24   18 13.043836 0.110350 SUCCESS  91
101110000   24   30   23   24   19   26   30   25  4.113729 0.846719 SUCCESS  92
101110100   18   21   29   23   20   27   18   20  6.864255 0.551347 SUCCESS  93
101111000   22   28   27   28   32   28   18   25  6.377038 0.605077 SUCCESS  94
101111100   21   19   26   19   22   20   28   30  6.009639 0.646152 SUCCESS  95
110000000   26   21   28   23   12   34   24   29 12.552647 0.128197 SUCCESS  96
110000010   29   21   26   28   33   24   29   23  6.165866 0.628658 SUCCESS  97
110000100   26   28   24   31   29   33   28   28  7.642081 0.469190 SUCCESS  98
110001000   26   25   31   23   28   24   28   17  5.478069 0.705469 SUCCESS  99
110001010   15   23   31   25   17   27   26   29  9.298354 0.317756 SUCCESS 100
110010000   24   24   27   26   32   26   25   29  3.878064 0.867954 SUCCESS 101
110010010   27   30   21   27   23   23   30   21  4.376535 0.821655 SUCCESS 102
110010100   30   24   33   23   16   20   21   34 12.756537 0.120505 SUCCESS 103
110011000   24   24   28   27   19   25   33   21  5.723664 0.678154 SUCCESS 104
110011010   25   22   23   32   23   19   26   20  5.035867 0.753736 SUCCESS 105
110100000   24   24   21   25   23   29   16   31  6.332685 0.610020 SUCCESS 106
110100010   26   22   17   24   23   20   24   21  4.076658 0.850142 SUCCESS 107
110100100   19   29   22   22   23   25   33   28  6.401531 0.602349 SUCCESS 108
110101000   24   31   22   16   25   21   20   20  7.229006 0.512138 SUCCESS 109
110101010   32   29   22   31   23   19   28   26  7.411050 0.493001 SUCCESS 110
110101100   20   24   24   28   24   19   22   23  2.950630 0.937417 SUCCESS 111
110110000   28   18   26   24   17   34   16   28 12.162079 0.144118 SUCCESS 112
110110010   23   22   21   22   34   28   28   21  6.553786 0.585448 SUCCESS 113
110110100   27   21   23   19   28   28   17   24  5.518450 0.700995 SUCCESS 114
110111000   21   22   14   29   19   25   24   23  7.550728 0.478538 SUCCESS 115
110111010   33   18   28   28   18   27   19   30 10.553468 0.228306 SUCCESS 116
110111100   13   24   27   30   25   27   26   14 12.119050 0.145971 SUCCESS 117
111000000   24   34   23   22   21   29   24   28  6.181754 0.626881 SUCCESS 118
111000010   31   24   25   19   26   27   24   24  3.511989 0.898257 SUCCESS 119
111000100   23   29   29   24   21   25   26   19  3.731766 0.880477 SUCCESS 120
111000110   26   18   25   31   39   27   27   26 13.419841 0.098198 SUCCESS 121
111001000   26   21   30   32   27   27   29   27  6.132767 0.632363 SUCCESS 122
111001010   26   26   25   27   22   27   26   37  7.886352 0.444650 SUCCESS 123
111001100   26   26   28   28   27   23   21   14  6.756352 0.563134 SUCCESS 124
111010000   14   16   27   20   32   25   16   26 14.236062 0.075816 SUCCESS 125
111010010   20   24   25   23   21   22   25   22  1.916618 0.983462 SUCCESS 126
111010100   19   21   26   14   22   21   27   25  7.448783 0.489074 SUCCESS 127
111010110   28   35   22   28   27   21   16   22 10.112590 0.257212 SUCCESS 128
111011000   26   24   27   17   24   26   18   23  4.653904 0.793845 SUCCESS 129
111011010   22   23   24   33   14   24   14   23 12.719466 0.121873 SUCCESS 130
111011100   18   25   19   24   25   20   24   23  3.915797 0.864640 SUCCESS 131
111100000   29   25   24   24   25   22   14   32  8.214032 0.412847 SUCCESS 132
111100010   19   30   30   17   25   27   27   23  6.884114 0.549186 SUCCESS 133
111100100   25   30   29   24   23   23   31   28  4.810131 0.777663 SUCCESS 134
111100110   22   20   26   24   24   16   22   24  4.424197 0.816968 SUCCESS 135
111101000   23   26   31   21   23   27   18   20  5.450928 0.708471 SUCCESS 136
111101010   23   21   24   28   25   24   26   19  2.493864 0.962016 SUCCESS 137
111101100   24   23   24   20   25   29   21   22  2.561386 0.958807 SUCCESS 138
111101110   27   22   16   26   22   23   23   23  4.119686 0.846167 SUCCESS 139
111110000   32   17   33   19   26   22   14   22 14.313513 0.073951 SUCCESS 140
111110010   21   19   27   25   28   21   26   31  5.019979 0.755439 SUCCESS 141
111110100   24   28   22   16   27   22   22   24  4.569171 0.802474 SUCCESS 142
111110110   21   23   25   28   22   24   21   29  2.773882 0.947737 SUCCESS 143
111111000   27   25   28   20   27   20   12   22  9.534019 0.299265 SUCCESS 144
111111010   33   26   21   10   30   28   21   20 15.703671 0.046823 SUCCESS 145
111111100   23   21   28   26   20   20   21   20  4.178603 0.840660 SUCCESS 146
111111110   31   20   32   25   25   24   19   16  9.374482 0.311696 SUCCESS 147

		  NONPERIODIC TEMPLATES TEST
-------------------------------------------------------------------------------------
		  COMPUTATIONAL INFORMATION
-------------------------------------------------------------------------------------
	LAMBDA = 24.398438	M = 12500	N = 8	m = 9	n = 100000
-------------------------------------------------------------------------------------
		F R E Q U E N C Y
Template   W_1  W_2  W_3  W_4  W_5  W_6  W_7  W_8    Chi^2   P_value Assignment Index
-------------------------------------------------------------------------------------
000000001   35   24   29   21   19   20   20   19 10.263521 0.247015 SUCCESS   0
000000011   35   24   31   29   25   19   16   28 12.299771 0.138322 SUCCESS   1
000000101   22   23   23   18   23   26   20   16  6.143359 0.631177 SUCCESS   2
000000111   37   21   23   26   22   17   21   22 10.704400 0.219017 SUCCESS   3
000001001   25   20   21   27   22   23   24   19  3.179013 0.922626 SUCCESS   4
000001011   21   18   18   24   23   29   18   21  7.168765 0.518539 SUCCESS   5
000001101   28   24   20   21   25   19   20   31  5.781256 0.671719 SUCCESS   6
000001111   26   25   21   22   22   29   22   20  3.061181 0.930460 SUCCESS   7
000010001   24   24   26   41   20   28   18   25 14.917901 0.060762 SUCCESS   8
000010011   23   21   23   19   16   25   19   23  6.210881 0.623623 SUCCESS   9
000010101   23   22   33   23   20   29   24   23  5.350307 0.719562 SUCCESS  10
000010111   28   15   19   29   22   26   19   18  9.745191 0.283368 SUCCESS  11
000011001   27   25   32   32   29   33   28   24  9.786234 0.280351 SUCCESS  12
000011011   19   21   17   29   23   25   21   33  8.662192 0.371589 SUCCESS  13
000011101   38   31   29   28   24   24   21   20 12.453350 0.132094 SUCCESS  14
000011111   23   23   23   22   22   20   21   19  3.279634 0.915604 SUCCESS  15
000100011   24   22   29   36   25   29   21   24  8.258384 0.408646 SUCCESS  16
000100101   13   28   17   27   23   20   27   19 11.083714 0.197001 SUCCESS  17
000100111   24   20   29   19   21   18   22   17  7.744688 0.458799 SUCCESS  18
000101001   18   18   16   24   18   22   21   20  9.751149 0.282928 SUCCESS  19
000101011   24   20   28   17   21   23   27   20  5.373476 0.717014 SUCCESS  20
000101101   26   28   23   28   26   27   20   17  4.824695 0.776138 SUCCESS  21
000101111   32   23   20   24   22   27   25   19  5.137811 0.742750 SUCCESS  22
000110011   25   24   33   25   16   25   27   28  7.011876 0.535352 SUCCESS  23
000110101   36   23   27   18   24   23   27   27  8.469556 0.388996 SUCCESS  24
000110111   22   26   18   21   20   33   25   29  7.442825 0.489693 SUCCESS  25
000111001   38   24   18   33   23   24   21   24 13.299360 0.101956 SUCCESS  26
000111011   30   34   26   25   23   24   28   24  6.005005 0.646671 SUCCESS  27
000111101   25   29   25   33   15   19   20   25  9.874277 0.273961 SUCCESS  28
000111111   25   28   19   26   20   16   23   25  5.814355 0.668018 SUCCESS  29
001000011   19   24   27   32   29   26   25   23  5.080219 0.748969 SUCCESS  30
001000101   22   21   31   22   23   22   20   27  4.256054 0.833314 SUCCESS  31
001000111   26   28   29   31   26   31   21   28  6.395573 0.603013 SUCCESS  32
001001011   13   20   21   32   29   22   28   18 12.686367 0.123106 SUCCESS  33
001001101   20   26   22   21   27   31   30   24  5.130530 0.743538 SUCCESS  34
001001111   27   22   25   27   35   22   30   23  7.250189 0.509896 SUCCESS  35
001010011   27   17   22   30   12   17   20   25 13.845494 0.085883 SUCCESS  36
001010101   23   30   27   23   26   20   20   16  6.518039 0.589407 SUCCESS  37
001010111   22   19   25   22   22   20   33   18  7.669884 0.466363 SUCCESS  38
001011011   25   32   20   27   28   30   23   14 10.112590 0.257212 SUCCESS  39
001011101   21   30   31   26   26   26   23   29  4.970992 0.760672 SUCCESS  40
001011111   26   24   23   22   23   21   26   28  1.672347 0.989463 SUCCESS  41
001100101   26   28   30   27   34   19   30   25  8.759503 0.362989 SUCCESS  42
001100111   30   27   25   21   22   23   27   25  2.749388 0.949087 SUCCESS  43
001101011   29   34   24   22   26   25   28   24  5.733593 0.677045 SUCCESS  44
001101101   23   23   15   25   27   26   30   22  5.891806 0.659350 SUCCESS  45
001101111   26   27   25   23   19   31   27   31  5.707776 0.679927 SUCCESS  46
001110101   32   15   34   18   13   28   21   21 18.863301 0.015608 SUCCESS  47
001110111   27   30   29   25   22   20   20   21  4.900823 0.768122 SUCCESS  48
001111011   23   29   29   32   22   23   17   21  7.460037 0.487906 SUCCESS  49
001111101   24   28   29   15   33   22   23   24  8.663516 0.371471 SUCCESS  50
001111111   27   25   19   26   23   20   32   34  8.901829 0.350645 SUCCESS  51
010000011   29   22   22   21   37   15   12   23 18.939428 0.015187 SUCCESS  52
010000111   36   22   23   37   23   22   24   18 14.824562 0.062648 SUCCESS  53
010001011   26   27   29   18   23   26   25   28  3.783401 0.876118 SUCCESS  54
010001111   18   25   32   29   17   15   19   19 13.625716 0.092058 SUCCESS  55
010010011   24   20   20   26   30   31   29   28  6.377038 0.605077 SUCCESS  56
010010111   19   31   20   24   33   24   32   18 11.231335 0.188933 SUCCESS  57
010011011   20   28   26   24   20   27   28   27  3.427256 0.904761 SUCCESS  58
010011111   19   16   21   22   26   18   28   22  7.592432 0.474259 SUCCESS  59
010100011   24   21   24   22   25   16   28   18  6.034132 0.643408 SUCCESS  60
010100111   33   11   24   25    8   20   18   27 24.995881 0.001557 FAILURE  61
010101011   20   33   34   19   30   22   22   17 13.230514 0.104161 SUCCESS  62
010101111   21   20   31   27   27   18   29   23  6.443236 0.597711 SUCCESS  63
010110011   20   26   18   23   26   28   30   32  7.181343 0.517200 SUCCESS  64
010110111   25   33   31   21   28   26   25   23  6.241994 0.620145 SUCCESS  65
010111011   17   23   32   34   26   32   32   26 13.869325 0.085236 SUCCESS  66
010111111   29   25   30   21   20   20   21   22  5.103388 0.746471 SUCCESS  67
011000111   26   21   29   20   23   25   28   27  3.249183 0.917761 SUCCESS  68
011001111   21   32   21   20   30   29   28   26  7.131033 0.522564 SUCCESS  69
011010111   22   31   23   23   25   27   28   22  3.351128 0.910432 SUCCESS  70
011011111   29   30   24   13   24   30   19   37 17.036236 0.029734 SUCCESS  71
011101111   12   24   31   30   23   21   24   21 10.763316 0.215474 SUCCESS  72
011111111   29   20   28   26   26   24   30   24  3.826429 0.872434 SUCCESS  73
100000000   35   24   29   21   19   20   20   19 10.263521 0.247015 SUCCESS  74
100010000   21   27   19   31   27   20   18   19  7.932690 0.440073 SUCCESS  75
100100000   25   21   20   29   27   23   21   18  4.814765 0.777178 SUCCESS  76
100101000   21   29   24   16   26   20   21   33  8.933604 0.347928 SUCCESS  77
100110000   23   18   30   26   35   32   21   32 13.402629 0.098727 SUCCESS  78
100111000   28   21   11   24   10   24   15   28 21.732983 0.005435 FAILURE  79
101000000   33   20   25   21   26   18   24   34 10.214534 0.250290 SUCCESS  80
101000100   24   20   33   23   37   18   27   27 13.079583 0.109141 SUCCESS  81
101001000   23   24   26   32   18   25   21   21  5.374800 0.716868 SUCCESS  82
101001100   29   30   27   33   24   26   18   25  7.512995 0.482425 SUCCESS  83
101010000   30   20   26   28   20   20   30   25  5.791185 0.670609 SUCCESS  84
101010100   26   24   22   20   12   18   20   20 11.065179 0.198033 SUCCESS  85
101011000   23   18   21   21   24   25   19   17  6.371742 0.605666 SUCCESS  86
101011100   15   31   18   10   22   25   30   22 17.938515 0.021692 SUCCESS  87
101100000   28   24   25   25   28   25   25   23  1.250004 0.996123 SUCCESS  88
101100100   24   31   31   28   32   26   29   35 12.464604 0.131647 SUCCESS  89
101101000   26   25   23   23   19   17   23   19  5.160981 0.740240 SUCCESS  90
101101100   30   32   23   26   26   25   19   29  6.224782 0.622069 SUCCESS  91
101110000   25   22   15   26   12   34   27   19 16.049886 0.041672 SUCCESS  92
101110100   32   26   28   28   20   24   22   21  5.215263 0.734340 SUCCESS  93
101111000   22   34   34   22   24   28   34   20 13.580702 0.093370 SUCCESS  94
101111100   15   27   23   30   21   25   25   20  6.780845 0.560452 SUCCESS  95
110000000   22   22   33   30   26   25   19   22  6.553786 0.585448 SUCCESS  96
110000010   23   18   25   26   21   24   26   19  3.780753 0.876343 SUCCESS  97
110000100   25   24   29   31   20   22   24   26  3.944262 0.862117 SUCCESS  98
110001000   17   26   22   27   21   21   26   17  6.364460 0.606478 SUCCESS  99
110001010   21   16   20   27   21   21   24   17  7.888337 0.444453 SUCCESS 100
110010000   22   26   16   29   25   24   21   17  7.068144 0.529299 SUCCESS 101
110010010   20   20   27   33   36   31   24   42 25.741933 0.001163 FAILURE 102
110010100   28   19   32   25   24   19   27   37 12.503661 0.130107 SUCCESS 103
110011000   24   27   26   26   30   27   25   32  4.590354 0.800327 SUCCESS 104
110011010   29   25   31   18   23   24   23   32  7.113821 0.524404 SUCCESS 105
110100000   38   21   23   15   22   23   14   23 17.142815 0.028656 SUCCESS 106
110100010   27   22   26   14   28   19   31   19 10.085448 0.259080 SUCCESS 107
110100100   22   21   31   33   26   20   21   24  7.138314 0.521786 SUCCESS 108
110101000   30   16   25   31   24   19   32   25  9.884207 0.273247 SUCCESS 109
110101010   23   27   29   16   16   20   22   21  8.795912 0.359804 SUCCESS 110
110101100   27   20   32   26   30   23   29   27  6.259205 0.618222 SUCCESS 111
110110000   32   25   27   27   26   28   17   25  6.029498 0.643928 SUCCESS 112
110110010   21   31   27   26   28   24   31   29  6.030822 0.643779 SUCCESS 113
110110100   27   28   20   27   28   24   24   19  3.740372 0.879755 SUCCESS 114
110111000   28   20   21   27   18   23   22   20  5.025937 0.754800 SUCCESS 115
110111010   29   29   19   32   28   28   24   29  7.479896 0.485847 SUCCESS 116
110111100   16   33   26   19   23   29   22   29  9.586978 0.295219 SUCCESS 117
111000000   22   23   26   23   19   23   18   18  5.304630 0.724576 SUCCESS 118
111000010   24   25   24   29   22   23   27   26  1.647854 0.989972 SUCCESS 119
111000100   22   21   24   19   27   20   22   11 10.930135 0.205689 SUCCESS 120
111000110   19   25   22   17   13   20   28   27 10.973163 0.203224 SUCCESS 121
111001000   16   34   21   22   27   28   19   30 11.027446 0.200149 SUCCESS 122
111001010   30   22   28   21   21   20   21   16  7.398472 0.494313 SUCCESS 123
111001100   32   27   25   26   31   25   26   28  5.378772 0.716431 SUCCESS 124
111010000   38   21   24   26   27   26   21   20 10.147013 0.254859 SUCCESS 125
111010010   22   24   23   31   20   25   30   26  4.452662 0.814150 SUCCESS 126
111010100   28   25   27   25   21   24   33   27  4.784314 0.780361 SUCCESS 127
111010110   27   17   36   20   28   22   23   30 11.333280 0.183521 SUCCESS 128
111011000   28   22   28   23   31   25   25   21  3.792006 0.875385 SUCCESS 129
111011010   22   26   24   24   22   28   26   19  2.502470 0.961616 SUCCESS 130
111011100   29   26   26   31   20   30   22   16  8.341794 0.400815 SUCCESS 131
111100000   20   28   31   23   23   28   28   23  4.563213 0.803076 SUCCESS 132
111100010   25   22   22   33   30   19   24   17  8.527148 0.383739 SUCCESS 133
111100100   15   30   22   25   29   29   21   33 10.748752 0.216346 SUCCESS 134
111100110   35   24   27   27   33   38   25   22 16.573512 0.034869 SUCCESS 135
111101000   29   22   24   23   24   27   21   19  3.247859 0.917854 SUCCESS 136
111101010   27   29   25   22   25   25   36   25  7.191273 0.516144 SUCCESS 137
111101100   21   22   25   20   32   18   24   22  6.001033 0.647116 SUCCESS 138
111101110   26   24   24   32   26   26   12   17 11.619256 0.169017 SUCCESS 139
111110000   21   25   23   28   26   20   23   20  2.967842 0.936359 SUCCESS 140
111110010   20   33   24   22   16   24   28   22  7.992930 0.434161 SUCCESS 141
111110100   30   21   19   19   20   25   30   23  6.535251 0.587500 SUCCESS 142
111110110   23   25   17   13   31   15   20   28 14.879506 0.061531 SUCCESS 143
111111000   31   29   20   28   25   14   27   25  9.011055 0.341364 SUCCESS 144
111111010   27   20   21   21   18   27   31   27  6.239346 0.620441 SUCCESS 145
111111100   31   31   26   25   25   20   28   30  6.530617 0.588014 SUCCESS 146
111111110   29   20   28   26   26   24   30   24  3.826429 0.872434 SUCCESS 147

		  NONPERIODIC TEMPLATES TEST
-------------------------------------------------------------------------------------
		  COMPUTATIONAL INFORMATION
-------------------------------------------------------------------------------------
	LAMBDA = 24.398438	M = 12500	N = 8	m = 9	n = 100000
-------------------------------------------------------------------------------------
		F R E Q U E N C Y
Template   W_1  W_2  W_3  W_4  W_5  W_6  W_7  W_8    Chi^2   P_value Assignment Index
-------------------------------------------------------------------------------------
000000001   36   26   35   30   28   29   27   28 14.185089 0.077067 SUCCESS   0
000000011   17   30   27   25   28   19   23   27  6.104302 0.635550 SUCCESS   1
000000101   24   24   24   30   18   26   31   24  5.045796 0.752670 SUCCESS   2
000000111   23   28   23   24   29   23   22   27  2.232382 0.973046 SUCCESS   3
000001001   26   22   29   26   21   33   26   23  5.173558 0.738875 SUCCESS   4
000001011   22   20   29   27   21   26   27   23  3.214760 0.920166 SUCCESS   5
000001101   15   29   26   30   28   20   21   27  8.222637 0.412030 SUCCESS   6
000001111   21   26   19   22   26   23   19   24  3.509341 0.898463 SUCCESS   7
000010001   25   27   28   31   35   17   31   24 11.631833 0.168402 SUCCESS   8
000010011   22   28   15   22   25   24   24   31  6.654407 0.574336 SUCCESS   9
000010101   22   21   19   32   20   30   23   28  7.197231 0.515510 SUCCESS  10
000010111   28   23   28   31   21   19   22   22  5.239756 0.731670 SUCCESS  11
000011001   19   30   23   32   25   25   25   31  6.987383 0.537995 SUCCESS  12
000011011   26   26   22   30   26   20   19   19  5.188122 0.737293 SUCCESS  13
000011101   32   34   26   23   25   18   29   27  9.479075 0.303506 SUCCESS  14
000011111   24   29   26   16   30   34   21   28 10.274775 0.246268 SUCCESS  15
000100011   23   30   21   27   34   19   30   20  9.477751 0.303608 SUCCESS  16
000100101   29   27   28   25   21   28   19   23  4.105123 0.847516 SUCCESS  17
000100111   27   24   15   26   25   24   24   28  4.722750 0.786756 SUCCESS  18
000101001   22   23   26   23   22   28   21   36  7.503065 0.483451 SUCCESS  19
000101011   24   28   25   21   24   25   19   33  5.452252 0.708324 SUCCESS  20
000101101   15   25   29   24   21   26   24   33  8.400710 0.395338 SUCCESS  21
000101111   23   23   28   31   25   27   18   23  4.681045 0.791059 SUCCESS  22
000110011   20   21   27   34   23   21   20   22  7.136990 0.521927 SUCCESS  23
000110101   20   28   20   19   23   32   23   28  6.586885 0.581787 SUCCESS  24
000110111   29   30   22   22   21   28   36   25  9.470469 0.304174 SUCCESS  25
000111001   20   28   25   24   38   29   29   22 11.267082 0.187020 SUCCESS  26
000111011   27   18   22   28   22   23   29   28  4.587706 0.800596 SUCCESS  27
000111101   25   19   24   21   15   20   22   18  8.286187 0.406026 SUCCESS  28
000111111   24   28   22   24   23   32   19   32  7.020482 0.534424 SUCCESS  29
001000011   27   25   30   21   25   23   24   21  2.714965 0.950953 SUCCESS  30
001000101   30   18   25   22   25   19   23   28  5.205333 0.735421 SUCCESS  31
001000111   18   25   26   23   35   30   23   24  8.122016 0.421643 SUCCESS  32
001001011   25   22   25   25   22   28   24   16  4.077982 0.850020 SUCCESS  33
001001101   30   14   16   22   30   25   26   20 11.415366 0.179256 SUCCESS  34
001001111   22   18   23   26   23   18   22   23  4.313647 0.827775 SUCCESS  35
001010011   21   17   26   25   20   23   17   33  9.288425 0.318552 SUCCESS  36
001010101   26   24   23   26   22   30   22   20  2.943348 0.937862 SUCCESS  37
001010111   28   32   28   27   24   25   19   33  8.225285 0.411779 SUCCESS  38
001011011   23   29   21   18   27   23   32   28  6.570998 0.583544 SUCCESS  39
001011101   24   25   20   28   26   12   25   23  8.110763 0.422726 SUCCESS  40
001011111   26   34   27   32   27   19   17   23 10.672624 0.220947 SUCCESS  41
001100101   28   26   26   22   16   27   28   38 12.673127 0.123602 SUCCESS  42
001100111   16   16   28   28   19   23   22   22  8.880645 0.352465 SUCCESS  43
001101011   23   24   19   21   32   29   19   28  6.943030 0.542792 SUCCESS  44
001101101   24   17   19   18   29   17   20   29 10.227774 0.249402 SUCCESS  45
001101111   30   23   21   19   19   28   37   22 11.891991 0.156088 SUCCESS  46
001110101   31   30   26   27   34   18   17   17 13.849466 0.085774 SUCCESS  47
001110111   27   22   19   27   12   16   24   31 13.405939 0.098625 SUCCESS  48
001111011   22   20   18   27   11   19   25   23 12.023063 0.150178 SUCCESS  49
001111101   22   24   25   21   35   28   23   19  7.383909 0.495834 SUCCESS  50
001111111   28   24   17   25   22   33   19   26  7.612292 0.472228 SUCCESS  51
010000011   17   27   23   24   22   21   25   20  4.263336 0.832617 SUCCESS  52
010000111   27   32   35   19   25   27   31   24 10.886444 0.208217 SUCCESS  53
010001011   20   21   22   21   26   24   25   27  2.459441 0.963595 SUCCESS  54
010001111   19   22   19   22   33   30   28   31  9.816685 0.278129 SUCCESS  55
010010011   19   16   26   20   17   27   21   19  9.481061 0.303352 SUCCESS  56
010010111   25   22   19   30   25   23   29   20  4.638017 0.795471 SUCCESS  57
010011011   30   13   17   31   26   15   28   18 17.134209 0.028742 SUCCESS  58
010011111   27   19   23   28   24   22   18   28  4.688327 0.790309 SUCCESS  59
010100011   27   20   27   31   29   31   24   21  6.478982 0.593740 SUCCESS  60
010100111   21   21   23   22   20   30   21   24  3.950220 0.861587 SUCCESS  61
010101011   23   28   27   24   23   21   20   23  2.400525 0.966208 SUCCESS  62
010101111   30   22   23   22   22   26   16   28  5.789861 0.670757 SUCCESS  63
010110011   26   30   26   21   25   26   19   26  3.503383 0.898927 SUCCESS  64
010110111   27   28   26   15   22   18   25   34 10.586567 0.226243 SUCCESS  65
010111011   29   22   29   18   33   22   18   21  9.374482 0.311696 SUCCESS  66
010111111   29   16   26   36   24   14   27   29 15.468006 0.050659 SUCCESS  67
011000111   24   24   27   26   24   24   24   21  0.918352 0.998713 SUCCESS  68
011001111   22   23   28   19   27   25   24   22  2.663331 0.953679 SUCCESS  69
011010111   26   18   22   24   29   27   20   27  4.383816 0.820941 SUCCESS  70
011011111   31   20   16   11   21   25   33   19 18.133799 0.020245 SUCCESS  71
011101111   34   25   18   23   14   23   19   31 13.483391 0.096265 SUCCESS  72
011111111   28   16   21   28   29   25   15   28  9.780938 0.280739 SUCCESS  73
100000000   36   26   35   30   28   29   27   28 14.185089 0.077067 SUCCESS  74
100010000   29   20   23   28   28   29   29   22  4.936570 0.764334 SUCCESS  75
100100000   20   23   28   21   26   30   33   30  7.843323 0.448923 SUCCESS  76
100101000   18   27   20   32   25   34   27   31 11.343210 0.183000 SUCCESS  77
100110000   30   27   19   28   25   19   30   27  6.266487 0.617409 SUCCESS  78
100111000   17   31   18   22   18   31   18   23 11.541804 0.172848 SUCCESS  79
101000000   18   28   32   30   23   23   29   25  7.139638 0.521645 SUCCESS  80
101000100   24   32   24   33   30   26   24   21  7.530206 0.480650 SUCCESS  81
101001000   17   26   31   20   25   32   26   27  7.952549 0.438119 SUCCESS  82
101001100   26   21   34   23   21   23   22   28  5.952047 0.652604 SUCCESS  83
101010000   26   28   34   24   28   26   18   17  9.282467 0.319031 SUCCESS  84
101010100   20   16   31   27   20   29   29   16 11.543128 0.172782 SUCCESS  85
101011000   23   26   21   23   22   26   19   22  2.594485 0.957179 SUCCESS  86
101011100   24   32   22   26   22   18   24   25  4.807483 0.777940 SUCCESS  87
101100000   17   25   31   28   22   26   26   28  5.740875 0.676232 SUCCESS  88
101100100   27   17   19   26   21   31   23   26  6.476335 0.594034 SUCCESS  89
101101000   25   19   30   23   28   25   28   21  4.265984 0.832363 SUCCESS  90
101101100   24   32   19   24   22   26   23   28  4.681045 0.791059 SUCCESS  91
101110000   28   25   24   26   28   17   27   25  3.850923 0.870317 SUCCESS  92
101110100   22   29   24   26   22   16   31   24  6.341291 0.609060 SUCCESS  93
101111000   25   25   12   21   21   26   31   25  9.492315 0.302480 SUCCESS  94
101111100   22   28   21   18   24   20   21   26  4.441409 0.815266 SUCCESS  95
110000000   27   25   27   28   22   25   24   27  1.690883 0.989067 SUCCESS  96
110000010   22   22   19   26   16   24   29   21  6.212205 0.623475 SUCCESS  97
110000100   20   23   16   25   34   19   19   24 10.288014 0.245390 SUCCESS  98
110001000   38   24   20   19   20   23   28   22 11.594762 0.170221 SUCCESS  99
110001010   28   22   23   27   21   17   35   29  9.630006 0.291960 SUCCESS 100
110010000   28   23   26   24   29   23   28   26  2.385961 0.966837 SUCCESS 101
110010010   31    9   29   29   23   29   31   20 17.332141 0.026830 SUCCESS 102
110010100   20   28   19   26   21   21   21   29  5.077571 0.749254 SUCCESS 103
110011000   30   22   27   35   22   19   27   34 12.292489 0.138623 SUCCESS 104
110011010   18   23   35   25   22   18   12   24 15.092002 0.057381 SUCCESS 105
110100000   21   28   33   27   20   25   29   28  6.741788 0.564731 SUCCESS 106
110100010   19   33   30   25   27   29   23   19  8.215355 0.412721 SUCCESS 107
110100100   14   26   29   21   22   25   18   18  9.804107 0.279045 SUCCESS 108
110101000   21   31   31   25   30   27   15   21 10.045068 0.261877 SUCCESS 109
110101010   17   20   35   25   21   20   27   19 10.746104 0.216504 SUCCESS 110
110101100   31   28   26   23   24   22   14   24  7.425614 0.491483 SUCCESS 111
110110000   22   19   20   25   25   26   24   27  2.730853 0.950097 SUCCESS 112
110110010   25   24   13   29   24   36   17   29 15.348850 0.052707 SUCCESS 113
110110100   28   14   23   24   31   16   35   22 15.060227 0.057985 SUCCESS 114
110111000   26   26   25   16   26   21   28   24  4.375211 0.821784 SUCCESS 115
110111010   29   24   35   25   18   25   22   22  7.918127 0.441508 SUCCESS 116
110111100   32   27   17   29   24   24   30   29  8.190862 0.415052 SUCCESS 117
111000000   23   29   21   30   20   19   23   27  5.222545 0.733547 SUCCESS 118
111000010   22   22   27   22   40   22   26   28 12.232249 0.141138 SUCCESS 119
111000100   36   25   13   17   21   28   28   24 15.136354 0.056548 SUCCESS 120
111000110   24   27   27   18   23   26   29   25  3.418650 0.905411 SUCCESS 121
111001000   24   18   19   25   34   21   27   21  8.162397 0.417770 SUCCESS 122
111001010   18   31   24   25   24   21   13   17 11.922442 0.154698 SUCCESS 123
111001100   28   18   29   26   22   24   29   32  6.885438 0.549042 SUCCESS 124
111010000   28   34   29   23   25   28   28   29  7.446797 0.489280 SUCCESS 125
111010010   20   24   30   25   21   29   25   15  7.315063 0.503052 SUCCESS 126
111010100   31   30   27   27   40   30   15   23 19.216136 0.013746 SUCCESS 127
111010110   31   30   25   22   26   23   15   27  7.655321 0.467842 SUCCESS 128
111011000   21   21   19   20   19   24   18   22  6.252585 0.618962 SUCCESS 129
111011010   29   15   29   25   28   14   32   21 13.619759 0.092231 SUCCESS 130
111011100   25   21   18   21   27   26   26   24  3.239253 0.918458 SUCCESS 131
111100000   20   27   14   31   19   20   23   24  9.677669 0.288382 SUCCESS 132
111100010   33   21   23   17   24   28   36   29 13.181528 0.105755 SUCCESS 133
111100100   31   17   23   37   32   21   16   27 17.188492 0.028205 SUCCESS 134
111100110   22   19   24   19   16   21   28   27  7.033722 0.532999 SUCCESS 135
111101000   28   34   36   21   24   30   25   25 12.013796 0.150589 SUCCESS 136
111101010   28   27   20   23   31   32   27   20  7.139638 0.521645 SUCCESS 137
111101100   21   25   19   25   17   26   11   24 11.794680 0.160603 SUCCESS 138
111101110   27   24   22   19   20   35   23   20  8.255736 0.408896 SUCCESS 139
111110000   21   26   15   26   24   16   19   31 10.525003 0.230092 SUCCESS 140
111110010   22   19   18   24   35   25   15   26 11.847639 0.158132 SUCCESS 141
111110100   26   31   27   23   29   37   20   30 12.098529 0.146862 SUCCESS 142
111110110   27   21   20   24   22   23   24   27  2.222452 0.973421 SUCCESS 143
111111000   28   22   20   24   28   21   23   23  2.824192 0.944901 SUCCESS 144
111111010   30   23   26   27   27   35   32   35 14.065933 0.080063 SUCCESS 145
111111100   20   16   20   31   24   23   17   24  8.889251 0.351725 SUCCESS 146
111111110   28   16   21   28   29   25   15   28  9.780938 0.280739 SUCCESS 147

		  NONPERIODIC TEMPLATES TEST
-------------------------------------------------------------------------------------
		  COMPUTATIONAL INFORMATION
-------------------------------------------------------------------------------------
	LAMBDA = 24.398438	M = 12500	N = 8	m = 9	n = 100000
-------------------------------------------------------------------------------------
		F R E Q U E N C Y
Template   W_1  W_2  W_3  W_4  W_5  W_6  W_7  W_8    Chi^2   P_value Assignment Index
-------------------------------------------------------------------------------------
000000001   18   23   15   21   24   20   18   21  9.099099 0.334005 SUCCESS   0
000000011   24   24   16   21   27   17   24   29  7.000623 0.536566 SUCCESS   1
000000101   22   18   31   34   29   22   21   12 15.873138 0.044232 SUCCESS   2
000000111   25   26   17   24   28   29   16   24  6.891396 0.548394 SUCCESS   3
000001001   18   22   30   22   16   29   25   27  7.738730 0.459399 SUCCESS   4
000001011   20   18   32   30   26   28   21   19  8.713826 0.367009 SUCCESS   5
000001101   38   18   27   19   19   21   26   30 14.255921 0.075334 SUCCESS   6
000001111   21   29   19   22   26   31   19   22  6.298262 0.613861 SUCCESS   7
000010001   23   23   22   29   34   28   21   20  7.070792 0.529014 SUCCESS   8
000010011   24   24   30   18   28   29   25   30  5.868637 0.661944 SUCCESS   9
000010101   29   26   27   26   22   29   28   17  5.410547 0.712929 SUCCESS  10
000010111   27   12   27   35   22   30   28   30 15.299863 0.053570 SUCCESS  11
000011001   19   22   27   22   20   16   29   28  7.263429 0.508496 SUCCESS  12
000011011   32   30   28   19   23   25   21   26  6.257881 0.618370 SUCCESS  13
000011101   15   22   25   26   23   24   32   30  7.977043 0.435716 SUCCESS  14
000011111   23   30   24   18   29   20   19   23  6.187711 0.626214 SUCCESS  15
000100011   25   23   20   35   26   32   23   27  8.605924 0.376622 SUCCESS  16
000100101   25   26   25   19   16   19   22   26  5.949399 0.652900 SUCCESS  17
000100111   20   20   29   23   34   29   27   32 10.156942 0.254183 SUCCESS  18
000101001   31   30   18   19   21   17   26   22  9.305636 0.317173 SUCCESS  19
000101011   24   20   26   22   27   41   25   20 13.977228 0.082361 SUCCESS  20
000101101   19   22   28   19   29   23   27   21  5.018655 0.755580 SUCCESS  21
000101111   23   15   20   28   23   29   30   31  9.349989 0.313637 SUCCESS  22
000110011   21   26   26   33   21   19   30   28  7.444149 0.489556 SUCCESS  23
000110101   34   21   25   29   24   19   25   26  6.672943 0.572295 SUCCESS  24
000110111   26   26   18   18   26   23   29   32  7.223048 0.512770 SUCCESS  25
000111001   28   27   24   23   32   26   20   25  4.317618 0.827390 SUCCESS  26
000111011   26   29   24   25   18   27   19   18  6.018245 0.645188 SUCCESS  27
000111101   19   24   32   36   17   37   24   21 18.934794 0.015212 SUCCESS  28
000111111   32   32   30   17   27   19   24   17 12.391786 0.134561 SUCCESS  29
001000011   23   31   30   28   20   21   20   23  6.019568 0.645040 SUCCESS  30
001000101   22   18   21   23   24   30   20   32  7.154202 0.520091 SUCCESS  31
001000111   21   24   20   22   23   31   28   24  4.044883 0.853051 SUCCESS  32
001001011   20   22   25   21   16   16   26   28  8.202778 0.413917 SUCCESS  33
001001101   20   17   29   33   17   19   24   20 11.550410 0.172419 SUCCESS  34
001001111   21   22   25   23   29   25   33   33  8.012790 0.432222 SUCCESS  35
001010011   32   29   19   23   30    9   21   19 17.761766 0.023085 SUCCESS  36
001010101   29   26   20   19   35   30   23   17 11.553058 0.172287 SUCCESS  37
001010111   24   18   31   32   23   35   29   26 11.886033 0.156362 SUCCESS  38
001011011   26   24   25   23   19   24   21   20  2.763952 0.948286 SUCCESS  39
001011101   24   19   24   22   28   28   15   22  6.576955 0.582885 SUCCESS  40
001011111   31   25   16   28   21   28   32   30 10.215858 0.250201 SUCCESS  41
001100101   20   23   22   28   26   21   24   30  3.629821 0.888884 SUCCESS  42
001100111   19   26   35   22   25   19   31   27  9.731951 0.284346 SUCCESS  43
001101011   22   24   24   29   23   14   26   20  6.746422 0.564223 SUCCESS  44
001101101   38   23   28   31   21   22   21   24 11.545776 0.172650 SUCCESS  45
001101111   27   26   16   19   28   22   30   23  6.823874 0.555749 SUCCESS  46
001110101   13   17   30   19   29   30   35   37 24.103533 0.002202 FAILURE  47
001110111   27   25   22   29   19   27   18   24  4.705539 0.788535 SUCCESS  48
001111011   19   26   32   34   20   28   30   21 10.885120 0.208294 SUCCESS  49
001111101   22   25   23   27   29   17   24   21  4.340788 0.825142 SUCCESS  50
001111111   25   30   24   27   22   16   29   18  7.501741 0.483587 SUCCESS  51
010000011   23   25   24   16   18   15   27   20  9.676345 0.288481 SUCCESS  52
010000111   30   33   33   28   25   21   25   25  8.683375 0.369706 SUCCESS  53
010001011   19   12   25   22   28   25   25   27  8.873363 0.353091 SUCCESS  54
010001111   22   25   22   27   29   25   28   21  2.740783 0.949557 SUCCESS  55
010010011   25   24   20   24   24   21   33   24  4.485761 0.810856 SUCCESS  56
010010111   20   24   24   22   15   25   22   28  5.627676 0.688857 SUCCESS  57
010011011   31   26   27   28   25   19   28   23  4.673764 0.791807 SUCCESS  58
010011111   29   24   21   35   32   23   27   24  8.979280 0.344047 SUCCESS  59
010100011   21   24   23   32   32   26   33   23  8.801208 0.359343 SUCCESS  60
010100111   27   26   26   31   26   23   27   19  4.063418 0.851357 SUCCESS  61
010101011   33   27   21   18   35   25   24   16 13.417193 0.098279 SUCCESS  62
010101111   26   23   23   31   33   24   27   22  5.792509 0.670461 SUCCESS  63
010110011   36   30   28   19   20   24   30   19 12.206432 0.142228 SUCCESS  64
010110111   21   20   23   21   20   21   26   21  3.788035 0.875723 SUCCESS  65
010111011   25   26   21   26   25   31   18   18  6.052667 0.641332 SUCCESS  66
010111111   25   27   22   33   19   18   23   31  8.578782 0.379064 SUCCESS  67
011000111   22   28   34   16   25   20   19   19 10.991699 0.202170 SUCCESS  68
011001111   28   30   38   22   30   18   27   21 13.800479 0.087116 SUCCESS  69
011010111   26   35   22   29   22   25   24   20  7.096610 0.526246 SUCCESS  70
011011111   28   21   17   14   24   28   32   28 11.492817 0.175308 SUCCESS  71
011101111   22   28   24   29   26   22   23   29  3.029406 0.932499 SUCCESS  72
011111111   28   26   22   28   17   17   25   21  6.594167 0.580983 SUCCESS  73
100000000   18   23   15   21   24   20   18   21  9.099099 0.334005 SUCCESS  74
100010000   18   24   26   32   32   19   34   23 11.969443 0.152572 SUCCESS  75
100100000   15   27   32   16   32   26   34   19 17.162674 0.028459 SUCCESS  76
100101000   23   22   16   24   20   26   26   21  4.847864 0.773706 SUCCESS  77
100110000   40   29   30   21   25   23   27   24 13.419841 0.098198 SUCCESS  78
100111000   23   27   28   26   22   26   27   14  6.247952 0.619479 SUCCESS  79
101000000   23   20   16   23   21   15   18   23 10.022560 0.263446 SUCCESS  80
101000100   23   21   17   35   21   28   25   24  8.713826 0.367009 SUCCESS  81
101001000   24   21   31   18   21   18   22   19  7.779111 0.455339 SUCCESS  82
101001100   31   25   21   14   25   23   21   24  7.526235 0.481060 SUCCESS  83
101010000   19   22   23   32   21   27   22   26  5.137811 0.742750 SUCCESS  84
101010100   25   23   25   31   36   30   23   22  9.318214 0.316167 SUCCESS  85
101011000   30   16   25   20   21   29   30   25  7.883704 0.444912 SUCCESS  86
101011100   24   21   24   21   25   26   24   21  1.612107 0.990686 SUCCESS  87
101100000   19   18   28   18   21   27   20   19  8.083621 0.425345 SUCCESS  88
101100100   24   27   33   25   29   19   29   28  7.021806 0.534282 SUCCESS  89
101101000   17   33   20   22   25   27   26   24  6.934425 0.543724 SUCCESS  90
101101100   31   26   31   23   22   19   18   13 12.601634 0.126311 SUCCESS  91
101110000   26   18   26   31   19   18   28   26  7.425614 0.491483 SUCCESS  92
101110100   24   19   22   17   20   20   21   23  6.015597 0.645485 SUCCESS  93
101111000   22   25   14   34   25   34   26   32 15.223736 0.054938 SUCCESS  94
101111100   31   21   16   19   33   26   31   30 12.977638 0.112621 SUCCESS  95
110000000   27   21   18   22   27   23   20   27  4.230237 0.835776 SUCCESS  96
110000010   27   32   28   25   20   24   24   21  4.622129 0.797094 SUCCESS  97
110000100   26   24   22   25   28   25   25   22  1.198370 0.996658 SUCCESS  98
110001000   26   24   26   27   23   26   29   30  2.928785 0.938747 SUCCESS  99
110001010   25   21   19   22   21   19   33   18  8.576134 0.379303 SUCCESS 100
110010000   24   32   33   17   31   19   28   24 11.545776 0.172650 SUCCESS 101
110010010   19   21   23   24   30   23   23   15  7.050933 0.531147 SUCCESS 102
110010100   26   24   20   19   28   20   27   22  4.069376 0.850810 SUCCESS 103
110011000   32   35   35   28   27   18   26   33 17.785597 0.022893 SUCCESS 104
110011010   28   25   21   32   21   21   22   25  4.739962 0.784973 SUCCESS 105
110100000   24   27   21   23   24   18   18   19  5.576042 0.694601 SUCCESS 106
110100010   21   24   24   28   27   26   23   22  1.774292 0.987167 SUCCESS 107
110100100   17   20   23   18   28   17   27   28  8.660868 0.371707 SUCCESS 108
110101000   25   17   27   33   22   34   24   28 10.461453 0.234119 SUCCESS 109
110101010   29   24   26   30   36   25   24   21  8.555613 0.381158 SUCCESS 110
110101100   28   18   30   19   28   18   34   22 11.281646 0.186246 SUCCESS 111
110110000   23   28   30   24   21   27   25   27  3.046617 0.931398 SUCCESS 112
110110010   28   28   30   23   24   16   30   27  7.122427 0.523483 SUCCESS 113
110110100   30   29   23   21   25   27   22   26  3.453073 0.902801 SUCCESS 114
110111000   24   16   24   27   17   27   25   24  5.916300 0.656607 SUCCESS 115
110111010   20   22   18   25   26   22   23   21  3.737724 0.879978 SUCCESS 116
110111100   20   25   23   35   19   28   25   27  7.765871 0.456668 SUCCESS 117
111000000   23   23   23   27   26   28   21   23  1.765686 0.987372 SUCCESS 118
111000010   33   18   20   22   25   30   30   23  8.689333 0.369177 SUCCESS 119
111000100   29   16   31   32   21   28   22   34 13.368206 0.099793 SUCCESS 120
111000110   22   25   33   26   21   26   28   32  7.097934 0.526104 SUCCESS 121
111001000   20   23   28   24   28   19   26   34  7.257471 0.509126 SUCCESS 122
111001010   21   22   27   19   22   30   22   28  4.620805 0.797229 SUCCESS 123
111001100   21   27   33   28   37   22   29   32 14.776899 0.063631 SUCCESS 124
111010000   19   23   26   22   24   16   19   29  6.796733 0.558714 SUCCESS 125
111010010   20   20   18   19   24   30   27   25  6.246628 0.619627 SUCCESS 126
111010100   19   19   28   26   20   38   24   24 11.798652 0.160416 SUCCESS 127
111010110   29   19   26   17   37   19   39   33 24.689385 0.001755 FAILURE 128
111011000   18   32   23   24   20   20   25   32  8.374893 0.397732 SUCCESS 129
111011010   29   30   27   26   23   30   14   17 10.934107 0.205461 SUCCESS 130
111011100   15   22   25   35   23   29   23   26  9.934517 0.269652 SUCCESS 131
111100000   24   29   14   26   24   30   18   23  8.746925 0.364093 SUCCESS 132
111100010   26   22   26   31   22   26   30   32  6.437278 0.598373 SUCCESS 133
111100100   20   21   24   24   30   23   31   28  5.130530 0.743538 SUCCESS 134
111100110   23   25   28   29   34   30   26   26  6.997313 0.536923 SUCCESS 135
111101000   31   26   27   27   22   25   23   23  2.953278 0.937255 SUCCESS 136
111101010   30   20   24   26   28   27   30   25  4.445381 0.814872 SUCCESS 137
111101100   24   30   22   23   15   12   31   31 15.610332 0.048309 SUCCESS 138
111101110   16   31   24   34   25   30   26   30 11.529888 0.173444 SUCCESS 139
111110000   30   22   13   27   28   27   21   22  8.933604 0.347928 SUCCESS 140
111110010   17   17   25   19   25   34   29   22 10.949994 0.204549 SUCCESS 141
111110100   26   30   23   30   28   19   24   14  9.222227 0.323898 SUCCESS 142
111110110   28   31   17   14   20   10   26   25 19.022838 0.014738 SUCCESS 143
111111000   28   27   21   28   20   22   30   18  6.002357 0.646968 SUCCESS 144
111111010   34   35   26   26   27   14   29   26 14.758364 0.064018 SUCCESS 145
111111100   22   22   23   27   17   21   26   20  4.593664 0.799991 SUCCESS 146
111111110   28   26   22   28   17   17   25   21  6.594167 0.580983 SUCCESS 147

		  NONPERIODIC TEMPLATES TEST
-------------------------------------------------------------------------------------
		  COMPUTATIONAL INFORMATION
-------------------------------------------------------------------------------------
	LAMBDA = 24.398438	M = 12500	N = 8	m = 9	n = 100000
-------------------------------------------------------------------------------------
		F R E Q U E N C Y
Template   W_1  W_2  W_3  W_4  W_5  W_6  W_7  W_8    Chi^2   P_value Assignment Index
-------------------------------------------------------------------------------------
000000001   22   25   26   22   23   22   29   27  2.121831 0.977047 SUCCESS   0
000000011   27   28   26   26   24   20   27   23  2.249594 0.972388 SUCCESS   1
000000101   21   17   27   18   23   19   24   23  6.236698 0.620737 SUCCESS   2
000000111   32   25   15   26   29   25   24   21  7.722843 0.461001 SUCCESS   3
000001001   20   22   22   23   25   19   29   18  5.271531 0.728199 SUCCESS   4
000001011   26   17   27   14   20   30   25   28 10.009321 0.264372 SUCCESS   5
000001101   17   25   26   21   31   15   30   21 10.339649 0.241992 SUCCESS   6
000001111   22   21   20   26   25   24   25   19  2.933419 0.938466 SUCCESS   7
000010001   20   24   16   21   22   25   29   22  5.703804 0.680371 SUCCESS   8
000010011   26   27   30   22   27   23   28   20  3.707273 0.882522 SUCCESS   9
000010101   30   33   38   16   26   23   25   19 16.731726 0.033027 SUCCESS  10
000010111   26   20   29   16   19   21   25   27  6.839761 0.554016 SUCCESS  11
000011001   27   29   22   26   28   32   25   29  5.446294 0.708983 SUCCESS  12
000011011   31   23   25   23   23   23   28   18  4.477156 0.811714 SUCCESS  13
000011101   25   35   24   26   27   29   16   25  9.079901 0.335601 SUCCESS  14
000011111   19   15   23   20   23   28   29   21  7.898267 0.443470 SUCCESS  15
000100011   32   29   22   26   21   25   25   28  4.767103 0.782154 SUCCESS  16
000100101   28   26   19   24   27   25   33   22  5.580014 0.694160 SUCCESS  17
000100111   27   22   29   28   22   21   25   29  3.622540 0.889474 SUCCESS  18
000101001   16   19   27   21   25   21   26   25  5.627676 0.688857 SUCCESS  19
000101011   29   27   33   17   26   28   25   29  8.208074 0.413413 SUCCESS  20
000101101   35   23   23   28   23   30   27   26  7.284612 0.506260 SUCCESS  21
000101111   29   27   26   21   30   16   28   29  7.546094 0.479015 SUCCESS  22
000110011   24   27   16   28   22   29   27   18  6.993341 0.537351 SUCCESS  23
000110101   18   31   18   25   34   19   22   20 11.534522 0.173212 SUCCESS  24
000110111   25   22   29   22   20   26   28   21  3.367015 0.909262 SUCCESS  25
000111001   25   17   24   30   24   21   21   24  4.662510 0.792963 SUCCESS  26
000111011   22   22   25   25   23   20   20   23  2.323073 0.969471 SUCCESS  27
000111101   20   20   22   22   21   25   21   20  3.940290 0.862470 SUCCESS  28
000111111   23   18   24   25   29   30   33   23  7.283288 0.506399 SUCCESS  29
001000011   31   15   25   33   20   23   18   18 13.110034 0.108119 SUCCESS  30
001000101   23   31   25   29   22   24   22   28  3.885346 0.867317 SUCCESS  31
001000111   34   17   24   26   28   27   22   24  7.426938 0.491346 SUCCESS  32
001001011   29   28   18   27   30   31   32   26  9.200381 0.325675 SUCCESS  33
001001101   28   26   20   24   22   32   23   22  4.502973 0.809136 SUCCESS  34
001001111   24   27   26   31   20   21   20   19  5.611789 0.690626 SUCCESS  35
001010011   17   27   23   28   23   23   19   28  5.188122 0.737293 SUCCESS  36
001010101   23   26   27   15   20   27   23   18  7.144272 0.521150 SUCCESS  37
001010111   25   29   27   21   27   20   22   34  6.944354 0.542648 SUCCESS  38
001011011   29   22   23   23   27   25   22   25  1.867631 0.984804 SUCCESS  39
001011101   23   22   23   29   28   28   11   20 10.830838 0.211470 SUCCESS  40
001011111   25   29   26   20   22   30   24   32  5.868637 0.661944 SUCCESS  41
001100101   31   26   24   24   20   22   19   30  5.595901 0.692393 SUCCESS  42
001100111   21   31   26   22   17   24   25   30  6.358502 0.607142 SUCCESS  43
001101011   18   25   26   29   30   25   25   26  4.224279 0.836342 SUCCESS  44
001101101   27   30   21   19   20   19   27   23  5.764044 0.673643 SUCCESS  45
001101111   15   16   26   21   18   35   23   20 14.727251 0.064671 SUCCESS  46
001110101   35   26   32   23   21   30   25   33 12.369941 0.135446 SUCCESS  47
001110111   25   24   24   32   18   25   24   23  4.316294 0.827518 SUCCESS  48
001111011   15   22   23   21   22   24   23   21  5.380758 0.716212 SUCCESS  49
001111101   23   33   28   21   30   22   23   20  6.731859 0.565820 SUCCESS  50
001111111   25   23   27   28   27   29   33   26  5.361561 0.718325 SUCCESS  51
010000011   20   28   21   29   29   24   29   24  4.563213 0.803076 SUCCESS  52
010000111   19   16   24   26   20   31   21   18  9.228185 0.323414 SUCCESS  53
010001011   24   32   25   34   27   22   27   33 10.327733 0.242773 SUCCESS  54
010001111   29   20   28   27   27   25   28   23  3.487496 0.900158 SUCCESS  55
010010011   22   26   22   29   20   21   28   22  3.595398 0.891661 SUCCESS  56
010010111   31   23   20   22   28   37   29   22 11.410732 0.179495 SUCCESS  57
010011011   28   20   26   22   22   23   20   21  3.357086 0.909994 SUCCESS  58
010011111   21   29   24   37   31   23   23   28 10.682554 0.220343 SUCCESS  59
010100011   25   24   27   27   24   30   26   23  2.123155 0.977002 SUCCESS  60
010100111   17   32   21   24   28   21   20   26  7.230330 0.511998 SUCCESS  61
010101011   30   17   26   19   28   28   16   17 11.398154 0.180143 SUCCESS  62
010101111   22   23   29   21   25   23   24   26  1.926547 0.983181 SUCCESS  63
010110011   18   29   34   22   20   29   32   29 11.843005 0.158347 SUCCESS  64
010110111   25   30   29   20   25   19   23   17  6.713323 0.567855 SUCCESS  65
010111011   28   24   20   29   26   40   20   24 13.520462 0.095153 SUCCESS  66
010111111   24   26   23   19   24   27   20   23  2.628908 0.955449 SUCCESS  67
011000111   24   32   24   23   25   27   22   24  3.096928 0.928128 SUCCESS  68
011001111   21   31   35   24   21   24   20   29  9.316890 0.316273 SUCCESS  69
011010111   21   23   19   24   33   24   33   26  8.198144 0.414358 SUCCESS  70
011011111   25   22   27   19   17   30   21   19  7.152878 0.520232 SUCCESS  71
011101111   27   21   25   29   18   24   21   23  4.001854 0.856956 SUCCESS  72
011111111   23   27   22   30   27   27   32   26  5.072937 0.749753 SUCCESS  73
100000000   22   25   26   22   23   22   29   27  2.121831 0.977047 SUCCESS  74
100010000   25   30   22   26   33   24   16   27  8.113411 0.422471 SUCCESS  75
100100000   18   30   25   19   28   22   21   20  6.416094 0.600729 SUCCESS  76
100101000   24   16   25   23   34   32   28   28 10.546186 0.228762 SUCCESS  77
100110000   25   24   27   19   28   29   18   28  5.274179 0.727910 SUCCESS  78
100111000   24   27   27   24   21   19   30   21  4.129616 0.845244 SUCCESS  79
101000000   28   26   17   23   29   20   26   19  6.120189 0.633771 SUCCESS  80
101000100   27   17   31   20   34   29   27   34 14.267175 0.075062 SUCCESS  81
101001000   21   28   23   25   16   21   21   24  5.110670 0.745685 SUCCESS  82
101001100   17   27   28   16   19   29   14   35 17.618117 0.024279 SUCCESS  83
101010000   22   37   24   29   23   21   25   21  8.952139 0.346350 SUCCESS  84
101010100   11   29   22   16    9   25   24   24 21.809111 0.005282 FAILURE  85
101011000   29   24   30   26   23   25   19   29  4.571819 0.802206 SUCCESS  86
101011100   22   23   20   18   23   25   26   23  3.170407 0.923213 SUCCESS  87
101100000   28   22   24   26   19   25   27   26  2.554104 0.959160 SUCCESS  88
101100100   34   16   22   24   26   20   21   24  8.568853 0.379961 SUCCESS  89
101101000   24   27   17   22   23   30   30   20  6.417418 0.600581 SUCCESS  90
101101100   30   22   26   25   29   21   21   17  5.891806 0.659350 SUCCESS  91
101110000   17   30   32   17   28   28   34   24 13.427122 0.097974 SUCCESS  92
101110100   27   25   25   20   22   22   16   18  6.347248 0.608396 SUCCESS  93
101111000   25   22   20   19   22   24   31   16  7.398472 0.494313 SUCCESS  94
101111100   28   27   24   16   15   34   24   28 12.035641 0.149621 SUCCESS  95
110000000   20   26   29   27   25   19   30   26  4.800202 0.778702 SUCCESS  96
110000010   26   19   28   15   28   32   29   25  9.545273 0.298402 SUCCESS  97
110000100   24   25   27   24   30   23   27   26  2.123155 0.977002 SUCCESS  98
110001000   29   35   18   29   26   21   19   26 10.231746 0.249136 SUCCESS  99
110001010   22   20   23   23   26   30   32   22  5.358913 0.718616 SUCCESS 100
110010000   23   19   26   26   30   30   24   23  4.283195 0.830711 SUCCESS 101
110010010   23   24   20   26   22   24   25   25  1.298991 0.995564 SUCCESS 102
110010100   25   19   29   23   24   30   29   29  5.360237 0.718470 SUCCESS 103
110011000   20   31   22   25   22   33   27   24  6.596815 0.580690 SUCCESS 104
110011010   19   22   29   33   26   22   21   27  6.638520 0.576087 SUCCESS 105
110100000   29   27   20   22   29   20   31   17  8.129298 0.420943 SUCCESS 106
110100010   26   20   27   25   35   27   27   37 13.293403 0.102145 SUCCESS 107
110100100   22   31   26   25   23   21   19   22  4.264660 0.832490 SUCCESS 108
110101000   32   29   28   30   20   17   27   26  8.758179 0.363105 SUCCESS 109
110101010   18   20   21   20   17   26   17   23  8.692643 0.368884 SUCCESS 110
110101100   24   26   38   23   23   24   27   35 13.174246 0.105993 SUCCESS 111
110110000   24   21   24   31   22   21   22   16  6.314149 0.612088 SUCCESS 112
110110010   26   17   27   30   32   24   19   21  8.222637 0.412030 SUCCESS 113
110110100   28   24   14   25   22   25   27   28  6.247952 0.619479 SUCCESS 114
110111000   20   26   31   24   27   33   32   21  9.140141 0.330612 SUCCESS 115
110111010   19   24   23   20   21   21   20   23  4.025023 0.854859 SUCCESS 116
110111100   22   23   15   24   16   23   24   18  8.887927 0.351838 SUCCESS 117
111000000   23   20   28   26   25   29   33   26  5.716382 0.678967 SUCCESS 118
111000010   26   28   29   17   26   29   29   26  5.885849 0.660017 SUCCESS 119
111000100   32   31   24   35   18   27   15   26 14.935112 0.060420 SUCCESS 120
111000110   29   25   25   27   23   25   19   15  6.289656 0.614821 SUCCESS 121
111001000   27   21   31   29   30   23   19   20  6.986059 0.538138 SUCCESS 122
111001010   26   29   25   26   20   29   34   30  8.081636 0.425537 SUCCESS 123
111001100   17   33   23   23   23   28   27   29  7.435543 0.490450 SUCCESS 124
111010000   26   18   25   27   27   15   24   23  6.263839 0.617704 SUCCESS 125
111010010   20   25   24   24   20   27   19   23  3.272352 0.916122 SUCCESS 126
111010100   30   22   23   20   25   20   20   31  5.976540 0.649860 SUCCESS 127
111010110   22   39   39   24   30   23   28   27 20.564589 0.008399 FAILURE 128
111011000   28   25   21   24   24   20   25   21  2.391919 0.966580 SUCCESS 129
111011010   26   17   20   25   19   27   29   25  5.696522 0.681183 SUCCESS 130
111011100   17   27   25   27   25   29   25   27  4.122334 0.845921 SUCCESS 131
111100000   25   19   30   19   20   28   26   27  5.578690 0.694307 SUCCESS 132
111100010   26   26   21   26   23   19   21   23  2.705036 0.951484 SUCCESS 133
111100100   27   22   27   33   34   28   21   17 11.215448 0.189788 SUCCESS 134
111100110   13   31   17   28   25   25   26   27 10.645483 0.222607 SUCCESS 135
111101000   24   10   24   28   29   19   22   26 11.830427 0.158932 SUCCESS 136
111101010   22   24   20   16   26   14   23   19 10.065589 0.260453 SUCCESS 137
111101100   22   25   26   20   19   19   19   21  5.380758 0.716212 SUCCESS 138
111101110   12   22   26   28   22   24   23   29  8.644980 0.373124 SUCCESS 139
111110000   32   18   29   24   26   27   27   37 12.496379 0.130393 SUCCESS 140
111110010   25   23   28   27   22   35   19   26  7.283288 0.506399 SUCCESS 141
111110100   20   12   34   26   27   25   21   19 13.372840 0.099649 SUCCESS 142
111110110   27   34   26   16   22   22   19   30 10.340973 0.241905 SUCCESS 143
111111000   22   27   28   25   27   33   27   28  5.352955 0.719271 SUCCESS 144
111111010   21   21   26   21   32   19   30   19  7.823463 0.450902 SUCCESS 145
111111100   24   21   23   28   25   31   24   22  3.240577 0.918365 SUCCESS 146
111111110   23   27   22   30   27   27   32   26  5.072937 0.749753 SUCCESS 147

		  NONPERIODIC TEMPLATES TEST
-------------------------------------------------------------------------------------
		  COMPUTATIONAL INFORMATION
-------------------------------------------------------------------------------------
	LAMBDA = 24.398438	M = 12500	N = 8	m = 9	n = 100000
-------------------------------------------------------------------------------------
		F R E Q U E N C Y
Template   W_1  W_2  W_3  W_4  W_5  W_6  W_7  W_8    Chi^2   P_value Assignment Index
-------------------------------------------------------------------------------------
000000001   20   22   17   21   24   21   20   21  5.676663 0.683398 SUCCESS   0
000000011   20   22   23   30   27   29   21   26  4.257378 0.833187 SUCCESS   1
000000101   33   20   22   21   17   32   28   27 10.290662 0.245215 SUCCESS   2
000000111   23   27   30   23   31   23   27   29  4.894865 0.768752 SUCCESS   3
000001001   27   18   21   28   17   22   25   28  6.187711 0.626214 SUCCESS   4
000001011   30   21   31   27   18   26   34   25  9.716064 0.285523 SUCCESS   5
000001101   23   23   23   20   24   29   23   22  2.298580 0.970463 SUCCESS   6
000001111   25   25   31   34   22   23   26   23  6.300910 0.613565 SUCCESS   7
000010001   17   26   20   20   31   23   27   19  7.517629 0.481947 SUCCESS   8
000010011   27   23   30   33   27   23   24   20  6.029498 0.643928 SUCCESS   9
000010101   26   23   23   21   26   24   35   19  6.875508 0.550122 SUCCESS  10
000010111   31   24   37   28   24   35   37   21 21.116018 0.006846 FAILURE  11
000011001   31   20   28   32   17   29   21   23  9.451934 0.305616 SUCCESS  12
000011011   21   27   20   16   27   27   19   32  8.840264 0.355950 SUCCESS  13
000011101   26   27   24   26   34   22   25   31  6.522011 0.588967 SUCCESS  14
000011111   31   30   31   20   32   23   19   25  9.622725 0.292510 SUCCESS  15
000100011   15   21   17   16   33   27   23   21 13.532377 0.094798 SUCCESS  16
000100101   21   21   22   22   17   17   19   24  7.345514 0.499854 SUCCESS  17
000100111   25   30   24   28   24   24   19   23  3.231972 0.918968 SUCCESS  18
000101001   17   16   25   26   21   25   31   19  9.017013 0.340863 SUCCESS  19
000101011   27   23   22   18   35   23   28   20  8.561571 0.380619 SUCCESS  20
000101101   25   26   21   22   26   21   23   30  2.867221 0.942412 SUCCESS  21
000101111   25   29   25   25   27   29   32   26  4.683693 0.790786 SUCCESS  22
000110011   25   17   25   34   19   24   18   17 11.550410 0.172419 SUCCESS  23
000110101   32   28   24   24   29   20   22   26  5.080219 0.748969 SUCCESS  24
000110111   22   27   19   28   21   29   14   31 10.128477 0.256124 SUCCESS  25
000111001   22   19   27   25   29   18   20   31  7.078074 0.528233 SUCCESS  26
000111011   28   20   26   26   37   22   30   22 10.131125 0.255943 SUCCESS  27
000111101   26   26   21   27   31   27   19   31  6.207571 0.623993 SUCCESS  28
000111111   22   27   26   25   30   24   28   22  2.783811 0.947183 SUCCESS  29
001000011   22   24   16   21   35   26   14   35 17.941163 0.021672 SUCCESS  30
001000101   20   31   26   25   18   30   34   20 10.579285 0.226695 SUCCESS  31
001000111   26   24   26   21   23   19   20   23  2.933419 0.938466 SUCCESS  32
001001011   24   26   24   26   16   22   21   23  4.034953 0.853956 SUCCESS  33
001001101   26   25   23   27   19   23   21   25  2.315792 0.969768 SUCCESS  34
001001111   32   30   23   27   24   27   26   17  6.868227 0.550915 SUCCESS  35
001010011   18   19   26   21   21   27   35   22  9.348665 0.313742 SUCCESS  36
001010101   23   26   29   25   30   30   26   26  3.980009 0.858923 SUCCESS  37
001010111   29   31   24   23   37   18   28   18 13.579378 0.093409 SUCCESS  38
001011011   28   21   16   23   21   21   24   27  5.382082 0.716066 SUCCESS  39
001011101   28   19   34   27   25   19   25   26  7.350810 0.499299 SUCCESS  40
001011111   25   36   31   25   23   31   22   34 13.658153 0.091122 SUCCESS  41
001100101   26   20   27   29   29   22   20   22  4.316294 0.827518 SUCCESS  42
001100111   22   23   21   29   23   27   22   18  4.060770 0.851599 SUCCESS  43
001101011   24   31   22   30   37   16   24   31 14.995353 0.059236 SUCCESS  44
001101101   24   21   29   25   25   27   23   25  1.808715 0.986325 SUCCESS  45
001101111   14   26   21   22   20   23   24   24  6.338643 0.609356 SUCCESS  46
001110101   25   25   29   27   29   25   22   28  2.920179 0.939266 SUCCESS  47
001110111   26   21   25   25   39   26   32   21 12.707550 0.122316 SUCCESS  48
001111011   21   32   24   28   30   23   21   19  6.629914 0.577036 SUCCESS  49
001111101   19   27   30   17   21   21   29   21  7.534840 0.480173 SUCCESS  50
001111111   27   26   19   26   32   24   30   22  5.766692 0.673347 SUCCESS  51
010000011   28   25   19   25   17   24   27   29  5.324490 0.722398 SUCCESS  52
010000111   19   29   21   18   31   29   21   32 10.036462 0.262476 SUCCESS  53
010001011   31   30   17   29   21   26   28   25  7.554700 0.478130 SUCCESS  54
010001111   26   21   25   22   27   16   21   22  4.865076 0.771895 SUCCESS  55
010010011   24   23   21   25   32   28   24   14  8.179609 0.416125 SUCCESS  56
010010111   32   27   29   29   18   20   19   24  8.324582 0.402423 SUCCESS  57
010011011   23   25   21   25   14   22   23   25  5.525732 0.700188 SUCCESS  58
010011111   26   17   23   28   22   29   34   17 10.425706 0.236408 SUCCESS  59
010100011   27   22   20   12   23   23   20   20  9.667739 0.289125 SUCCESS  60
010100111   27   17   26   24   20   28   30   22  5.663423 0.684875 SUCCESS  61
010101011   19   36   28   14   29   25   31   23 14.909295 0.060933 SUCCESS  62
010101111   26   30   29   17   30   28   24   18  8.274272 0.407147 SUCCESS  63
010110011   23   25   23   28   23   16   20   27  4.908104 0.767351 SUCCESS  64
010110111   21   26   21   23   26   23   26   26  1.579008 0.991317 SUCCESS  65
010111011   17   23   33   26   24   20   35   30 12.562577 0.127813 SUCCESS  66
010111111   29   28   25   14   36   26   22   26 12.206432 0.142228 SUCCESS  67
011000111   20   27   24   22   26   27   32   24  4.207068 0.837974 SUCCESS  68
011001111   26   27   18   25   18   21   21   21  5.347659 0.719853 SUCCESS  69
011010111   25   19   19   27   37   19   28   12 17.796189 0.022807 SUCCESS  70
011011111   18   26   22   19   22   18   19   23  6.617336 0.578424 SUCCESS  71
011101111   21   28   26   27   35   20   28   26  7.673856 0.465959 SUCCESS  72
011111111   22   34   23   21   35   23   30   23 10.978459 0.202923 SUCCESS  73
100000000   20   22   17   21   24   21   20   21  5.676663 0.683398 SUCCESS  74
100010000   26   29   19   28   21   21   18   30  6.832480 0.554810 SUCCESS  75
100100000   26   13   24   27   16   25   30   28 10.789133 0.213936 SUCCESS  76
100101000   25   20   31   25   15   29   23   20  8.238525 0.410524 SUCCESS  77
100110000   23   16   28   23   31   19   25   23  6.882790 0.549330 SUCCESS  78
100111000   22   22   19   30   32   23   22   21  6.315473 0.611940 SUCCESS  79
101000000   23   21   24   19   23   24   31   29  4.646622 0.794591 SUCCESS  80
101000100   23   23   23   23   17   21   26   17  5.567436 0.695558 SUCCESS  81
101001000   27   18   25   27   30   20   25   33  7.622222 0.471214 SUCCESS  82
101001100   17   17   24   28   22   26   30   28  7.425614 0.491483 SUCCESS  83
101010000   24   16   31   22   25   24   24   35  9.875601 0.273866 SUCCESS  84
101010100   25   16   23   29   23   24   19   24  5.314560 0.723487 SUCCESS  85
101011000   33   36   32   22   27   15   22   24 15.808264 0.045208 SUCCESS  86
101011100   38   31   28   24   33   21   21   24 14.360514 0.072839 SUCCESS  87
101100000   31   28   34   24   20   26   27   20  8.343118 0.400691 SUCCESS  88
101100100   34   19   27   20   16   31   32   20 14.349260 0.073104 SUCCESS  89
101101000   15   32   23   20   24   37   19   30 16.391468 0.037108 SUCCESS  90
101101100   14   25   24   25   21   28   28   25  6.222134 0.622365 SUCCESS  91
101110000   26   29   27   24   28   20   22   20  3.731766 0.880477 SUCCESS  92
101110100   23   22   17   39   23   20   30   23 13.993115 0.081945 SUCCESS  93
101111000   24   18   17   22   25   24   25   25  4.356675 0.823595 SUCCESS  94
101111100   27   34   38   33   31   33   20   22 21.209357 0.006612 FAILURE  95
110000000   23   24   22   23   24   22   25   16  3.670202 0.885586 SUCCESS  96
110000010   24   26   26   28   21   22   23   18  3.323987 0.912413 SUCCESS  97
110000100   21   32   18   27   37   27   23   29 12.953145 0.113472 SUCCESS  98
110001000   19   27   14   25   21   30   16   27 11.211476 0.190002 SUCCESS  99
110001010   23   21   29   19   33   21   26   21  6.925819 0.544657 SUCCESS 100
110010000   25   16   19   21   23   27   24   22  5.347659 0.719853 SUCCESS 101
110010010   23   18   29   31   18   27   26   18  8.425203 0.393074 SUCCESS 102
110010100   27   19   37   22   19   26   19   26 11.179701 0.191724 SUCCESS 103
110011000   23   21   22   30   31   16   21   23  7.552052 0.478402 SUCCESS 104
110011010   32   30   17   19   15   21   28   23 12.195178 0.142706 SUCCESS 105
110100000   25   26   25   16   19   26   30   24  5.807073 0.668832 SUCCESS 106
110100010   25   22   16   28   20   25   26   34  8.646304 0.373006 SUCCESS 107
110100100   17   28   21   30   35   17   23   34 15.756629 0.045999 SUCCESS 108
110101000   23   24   27   19   20   25   22   26  2.798375 0.946366 SUCCESS 109
110101010   21   26   22   18   22   19   24   21  4.550635 0.804346 SUCCESS 110
110101100   35   37   31   28   28   21   17   23 17.326183 0.026886 SUCCESS 111
110110000   22   25   35   33   26   24   26   20  9.199057 0.325783 SUCCESS 112
110110010   31   16   25   24   16   32   24   28 10.849373 0.210381 SUCCESS 113
110110100   17   26   22   20   31   29   23   32  8.765461 0.362466 SUCCESS 114
110111000   20   19   20   22   33   22   23   25  6.594167 0.580983 SUCCESS 115
110111010   19   26    9   33   26   25   25   27 14.949676 0.060131 SUCCESS 116
110111100   15   23   27   27   29   24   29   26  6.308192 0.612752 SUCCESS 117
111000000   25   20   21   23   28   29   24   19  4.095193 0.848434 SUCCESS 118
111000010   25   34   23   20   36   24   28   23 11.165137 0.192517 SUCCESS 119
111000100   23   30   19   21   24   27   21   16  6.907283 0.546668 SUCCESS 120
111000110   26   24   24   28   23   32   18   26  5.045796 0.752670 SUCCESS 121
111001000   26   20   19   27   24   22   28   23  3.332592 0.911787 SUCCESS 122
111001010   28   20   38   27   29   25   22   29 11.547100 0.172584 SUCCESS 123
111001100   24   23   23   30   29   20   26   26  3.435861 0.904110 SUCCESS 124
111010000   25   22   31   15   21   28   35   26 11.756947 0.162382 SUCCESS 125
111010010   23   30   20   33   32   19   20   31 11.715243 0.164368 SUCCESS 126
111010100   19   23   23   21   23   25   29   21  3.374297 0.908724 SUCCESS 127
111010110   24   30   29   25   32   27   22   23  5.309926 0.723995 SUCCESS 128
111011000   22   21   34   19   29   23   23   22  7.180019 0.517341 SUCCESS 129
111011010   24   24   24   25   24   22   30   20  2.434948 0.964695 SUCCESS 130
111011100   18   15   28   22   33   22   24   25  9.670387 0.288927 SUCCESS 131
111100000   26   18   21   29   26   23   25   15  7.178695 0.517481 SUCCESS 132
111100010   22   30   28   14   34   29   20   19 13.560842 0.093955 SUCCESS 133
111100100   29   27   22   28   20   19   34   23  8.020071 0.431512 SUCCESS 134
111100110   17   20   13   22   16   20   29   19 14.826548 0.062607 SUCCESS 135
111101000   23   20   24   19   26   21   29   30  4.968345 0.760954 SUCCESS 136
111101010   23   30   31   13   15   23   24   21 13.084217 0.108985 SUCCESS 137
111101100   29   28   21   22   19   22   21   19  5.382082 0.716066 SUCCESS 138
111101110   16   22   19   26   38   23   20   23 13.398657 0.098849 SUCCESS 139
111110000   28   29   23   29   29   23   26   25  3.530524 0.896808 SUCCESS 140
111110010   30   27   31   29   26   24   26   29  5.480717 0.705175 SUCCESS 141
111110100   19   23   30   18   27   26   26   32  7.333598 0.501104 SUCCESS 142
111110110   18   26   18   22   15   23   23   18  9.463849 0.304688 SUCCESS 143
111111000   25   28   21   22   33   25   25   24  4.469874 0.812440 SUCCESS 144
111111010   25   25   23   21   30   21   28   27  3.257789 0.917154 SUCCESS 145
111111100   22   32   21   21   38   24   28   22 12.308377 0.137966 SUCCESS 146
111111110   22   34   23   21   35   23   30   23 10.978459 0.202923 SUCCESS 147

		  NONPERIODIC TEMPLATES TEST
-------------------------------------------------------------------------------------
		  COMPUTATIONAL INFORMATION
-------------------------------------------------------------------------------------
	LAMBDA = 24.398438	M = 12500	N = 8	m = 9	n = 100000
-------------------------------------------------------------------------------------
		F R E Q U E N C Y
Template   W_1  W_2  W_3  W_4  W_5  W_6  W_7  W_8    Chi^2   P_value Assignment Index
-------------------------------------------------------------------------------------
000000001   23   19   25   23   27   20   28   18  4.806160 0.778079 SUCCESS   0
000000011   16   21   24   24   29   28   19   20  6.992017 0.537494 SUCCESS   1
000000101   19   22   20   27   35   25   31   24  9.214945 0.324489 SUCCESS   2
000000111   17   22   25   27   35   23   23   14 12.373251 0.135311 SUCCESS   3
000001001   29   28   26   19   16   22   18   23  7.839351 0.449318 SUCCESS   4
000001011   24   20   26   31   32   14   20   26 10.738822 0.216942 SUCCESS   5
000001101   27   23   26   23   31   26   22   32  5.207981 0.735133 SUCCESS   6
000001111   17   19   31   29   25   26   16   14 13.990467 0.082014 SUCCESS   7
000010001   25   23   22   24   30   18   17   24  5.738227 0.676527 SUCCESS   8
000010011   38   24   20   20   21   18   17   29 14.923859 0.060643 SUCCESS   9
000010101   23   25   30   19   21   29   32   29  7.393839 0.494796 SUCCESS  10
000010111   22   20   27   28   27   19   19   24  4.662510 0.792963 SUCCESS  11
000011001   23   18   21   22   25   28   26   26  3.332592 0.911787 SUCCESS  12
000011011   30   22   21   31   26   27   28   31  6.700084 0.569310 SUCCESS  13
000011101   17   39   25   17   30   14   23   22 19.923130 0.010631 SUCCESS  14
000011111   15   13   31   26   21   24   21   24 12.193854 0.142762 SUCCESS  15
000100011   18   24   24   21   30   15   17   29 10.525003 0.230092 SUCCESS  16
000100101   28   28   28   24   31   29   31   25  6.260529 0.618074 SUCCESS  17
000100111   31   30   22   21   17   17   13   22 14.294978 0.074394 SUCCESS  18
000101001   17   26   21   22   22   29   23   20  5.204009 0.735565 SUCCESS  19
000101011   25   29   22   27   24   26   31   23  3.487496 0.900158 SUCCESS  20
000101101   16   22   21   23   21   18   18   29  8.659544 0.371825 SUCCESS  21
000101111   23   15   26   23   29   20   23   17  8.135256 0.420371 SUCCESS  22
000110011   28   18   34   21   24   36   22   27 12.918722 0.114677 SUCCESS  23
000110101   17   24   25   24   21   22   30   26  4.518860 0.807543 SUCCESS  24
000110111   24   26   26   28   25   26   23   29  1.877561 0.984538 SUCCESS  25
000111001   27   21   31   35   27   31   32   28 12.514914 0.129666 SUCCESS  26
000111011   29   32   25   20   26   21   20   22  5.841496 0.664981 SUCCESS  27
000111101   25   25   21   26   27   30   19   19  4.714144 0.787646 SUCCESS  28
000111111   22   22   29   28   17   26   21   24  4.857794 0.772662 SUCCESS  29
001000011   25   25   24   28   27   31   25   21  3.224690 0.919476 SUCCESS  30
001000101   23   28   21   26   23   29   27   11 10.102660 0.257894 SUCCESS  31
001000111   24   27   19   22   23   13   19   30  9.923263 0.270453 SUCCESS  32
001001011   29   28   29   25   29   35   23   28  8.650276 0.372651 SUCCESS  33
001001101   38   35   27   17   22   24   27   27 16.029365 0.041962 SUCCESS  34
001001111   19   32   21   23   15   18   18   18 13.200725 0.105127 SUCCESS  35
001010011   16   26   16   18   21   27   21   17 11.404112 0.179836 SUCCESS  36
001010101   11   22   24   33   23   23   25   28 11.721200 0.164083 SUCCESS  37
001010111   25   26   17   34   22   26   33   21 10.325085 0.242946 SUCCESS  38
001011011   26   22   26   19   23   25   31   35  8.402034 0.395215 SUCCESS  39
001011101   21   32   27   19   16   21   28   19  9.720698 0.285179 SUCCESS  40
001011111   24   19   17   28   26   21   23   26  4.899499 0.768262 SUCCESS  41
001100101   17   24   24   25   35   24   29   25  8.028677 0.430674 SUCCESS  42
001100111   28   26   26   23   31   40   21   28 14.047397 0.080538 SUCCESS  43
001101011   27   20   27   28   25   26   25   22  2.325721 0.969363 SUCCESS  44
001101101   29   28   17   28   24   25   31   23  6.266487 0.617409 SUCCESS  45
001101111   26   19   25   28   26   28   25   29  3.478890 0.900822 SUCCESS  46
001110101   23   26   20   23   23   19   19   33  6.780845 0.560452 SUCCESS  47
001110111   26   37   22   29   33   23   24   20 12.021077 0.150266 SUCCESS  48
001111011   28   24   30   24   20   28   18   18  6.730535 0.565965 SUCCESS  49
001111101   23   32   22   18   22   24   29   29  6.553786 0.585448 SUCCESS  50
001111111   19   21   28   31   21   22   29   24  5.756763 0.674457 SUCCESS  51
010000011   21   18   27   23   26   15   14   24 11.032080 0.199888 SUCCESS  52
010000111   23   24   25   19   23   35   26   18  8.027353 0.430803 SUCCESS  53
010001011   23   25   25   18   22   17   30   19  6.974805 0.539353 SUCCESS  54
010001111   27   25   20   32   26   24   22   21  4.418239 0.817556 SUCCESS  55
010010011   25   25   28   28   22   30   26   27  3.098252 0.928041 SUCCESS  56
010010111   25   34   29   24   23   25   19   24  6.164542 0.628807 SUCCESS  57
010011011   33   24   22   21   26   25   27   27  4.571819 0.802206 SUCCESS  58
010011111   23   30   19   24   17   21   24   23  5.551549 0.697322 SUCCESS  59
010100011   30   20   22   29   19   14   29   21 10.491904 0.232182 SUCCESS  60
010100111   20   24   17   24   27   24   27   17  6.051344 0.641481 SUCCESS  61
010101011   20   26   25   23   19   23   26   30  3.782077 0.876231 SUCCESS  62
010101111   25   27   23   22   16   25   29   27  4.816089 0.777040 SUCCESS  63
010110011   26   15   23   32   22   30   31   29 10.698442 0.219378 SUCCESS  64
010110111   30   19   28   15   22   25   30   35 13.206021 0.104955 SUCCESS  65
010111011   26   27   27   21   26   20   29   21  3.486172 0.900260 SUCCESS  66
010111111   29   25   20   27   28   18   28   22  5.096107 0.747256 SUCCESS  67
011000111   24   36   26   27   15   23   22   20 10.993023 0.202095 SUCCESS  68
011001111   33   25   29   17   26   37   24   28 13.758774 0.088274 SUCCESS  69
011010111   25   21   18   22   28   15   24   19  8.016100 0.431899 SUCCESS  70
011011111   24   24   33   22   22   24   28   25  4.207068 0.837974 SUCCESS  71
011101111   23   32   21   26   36   26   19   19 11.409408 0.179563 SUCCESS  72
011111111   24   30   29   33   23   26   27   24  5.852750 0.663722 SUCCESS  73
100000000   23   19   25   23   28   20   28   18  5.068965 0.750180 SUCCESS  74
100010000   23   19   23   35   31   24   22   28  8.808489 0.358708 SUCCESS  75
100100000   25   31   29   30   34   21   26   17 10.910937 0.206797 SUCCESS  76
100101000   23   23   23   23   23   24   24   33  3.562299 0.894301 SUCCESS  77
100110000   26   16   32   23   24   28   27   29  7.368021 0.497496 SUCCESS  78
100111000   19   25   25   32   28   24   22   28  5.063008 0.750821 SUCCESS  79
101000000   19   23   28   14   32   31   26   22 11.094968 0.196376 SUCCESS  80
101000100   23   20   23   21   24   19   25   22  2.975123 0.935909 SUCCESS  81
101001000   16   34   29   25   35   26   21   19 14.400895 0.071896 SUCCESS  82
101001100   27   39   22   20   31   29   18   19 16.095563 0.041033 SUCCESS  83
101010000   30   23   25   25   20   22   28   23  3.138632 0.925359 SUCCESS  84
101010100   17   25   25   24   33   15   21   27 10.009321 0.264372 SUCCESS  85
101011000   29   31   29   22   15   23   24   31  9.562484 0.297085 SUCCESS  86
101011100   21   33   20   41   24   27   25   33 19.563675 0.012119 SUCCESS  87
101100000   34   26   29   26   25   23   19   26  6.461771 0.595651 SUCCESS  88
101100100   18   23   21   21   28   28   21   27  4.671116 0.792079 SUCCESS  89
101101000   26   18   26   20   23   24   23   19  4.178603 0.840660 SUCCESS  90
101101100   20   24   20   27   17   23   28   27  5.170910 0.739163 SUCCESS  91
101110000   27   37   29   21   25   19   28   25 10.215858 0.250201 SUCCESS  92
101110100   23   26   30   33   18   24   29   18  9.028267 0.339917 SUCCESS  93
101111000   17   22   29   26   29   28   21   27  5.791185 0.670609 SUCCESS  94
101111100   20   20   22   22   28   30   20   28  5.374800 0.716868 SUCCESS  95
110000000   24   17   26   29   18   21   23   20  6.457799 0.596092 SUCCESS  96
110000010   27   26   25   22   31   33   21   25  6.140049 0.631548 SUCCESS  97
110000100   34   23   21   20   20   20   24   29  7.840675 0.449186 SUCCESS  98
110001000   23   26   22   26   36   25   17   29  9.477751 0.303608 SUCCESS  99
110001010   22   22   24   30   24   20   30   18  5.713734 0.679262 SUCCESS 100
110010000   25   21   26   26   25   25   17   25  3.086998 0.928780 SUCCESS 101
110010010   26   15   28   28   21   22   17   31  9.848460 0.275824 SUCCESS 102
110010100   15   20   20   26   24   26   23   34  9.594259 0.294666 SUCCESS 103
110011000   26   25   30   22   25   29   26   31  4.564537 0.802942 SUCCESS 104
110011010   31   20   28   22   30   28   20   25  6.173148 0.627844 SUCCESS 105
110100000   23   25   33   18   28   28   21   28  7.105215 0.525325 SUCCESS 106
110100010   23   20   27   22   20   14   27   15 10.862613 0.209606 SUCCESS 107
110100100   17   33   26   34   31   29   23   21 12.783678 0.119512 SUCCESS 108
110101000   36   26   17   31   21   21   26   19 12.298447 0.138376 SUCCESS 109
110101010   26   29   26   14   29   15   23   29 11.314745 0.184495 SUCCESS 110
110101100   19   28   25   20   18   23   25   35  9.213621 0.324597 SUCCESS 111
110110000   31   23   21   26   17   19   23   23  6.246628 0.619627 SUCCESS 112
110110010   24   20   21   21   24   35   21   30  8.392104 0.396135 SUCCESS 113
110110100   25   22   27   28   23   25   28   25  1.758405 0.987544 SUCCESS 114
110111000   22   30   29   19   21   19   30   24  6.764958 0.562191 SUCCESS 115
110111010   36   32   22   32   20   30   29   25 13.903748 0.084309 SUCCESS 116
110111100   28   19   33   27   28   28   23   22  6.631238 0.576890 SUCCESS 117
111000000   17   18   18   29   24   16   23   20 10.582595 0.226489 SUCCESS 118
111000010   28   27   20   14   23   20   17   26  9.567118 0.296732 SUCCESS 119
111000100   27   34   24   25   36   28   25   20 11.301505 0.185194 SUCCESS 120
111000110   14   29   30   25   22   28   22   32 10.307874 0.244079 SUCCESS 121
111001000   22   25   30   31   25   32   25   19  7.148244 0.520726 SUCCESS 122
111001010   28   22   18   26   20   26   19   34  8.705221 0.367770 SUCCESS 123
111001100   18   26   25   24   34   25   30   25  7.131033 0.522564 SUCCESS 124
111010000   19   20   27   26   24   23   25   18  4.289153 0.830138 SUCCESS 125
111010010   24   25   20   25   30   26   19   21  4.019066 0.855399 SUCCESS 126
111010100   31   27   16   23   20   18   28   22  8.551641 0.381517 SUCCESS 127
111010110   18   24   21   21   14   21   20   32 11.057897 0.198440 SUCCESS 128
111011000   18   23   25   17   18   24   25   21  6.397559 0.602791 SUCCESS 129
111011010   27   30   27   20   19   23   26   23  4.231561 0.835650 SUCCESS 130
111011100   19   32   24   24   25   18   27   17  8.051846 0.428422 SUCCESS 131
111100000   18   22   12   24   21   21   27   23  9.845812 0.276015 SUCCESS 132
111100010   22   21   25   36   29   31   27   21  9.970264 0.267119 SUCCESS 133
111100100   26   21   28   21   19   26   16   18  7.702983 0.463008 SUCCESS 134
111100110   31   25   21   25   30   19   35   27  9.978870 0.266512 SUCCESS 135
111101000   29   13   31   26   22   28   28   23  9.782262 0.280642 SUCCESS 136
111101010   22   31   21   24   21   18   23   17  7.211794 0.513964 SUCCESS 137
111101100   19   23   25   17   24   32   21   20  7.415684 0.492518 SUCCESS 138
111101110   22   30   22   26   26   21   23   20  3.425932 0.904861 SUCCESS 139
111110000   18   18   11   26   22   26   18   28 13.819676 0.086588 SUCCESS 140
111110010   23   21   32   19   20   23   19   26  6.500828 0.591316 SUCCESS 141
111110100   28   22   20   20   23   33   26   23  5.841496 0.664981 SUCCESS 142
111110110   17   31   24   20   26   24   24   22  5.357589 0.718762 SUCCESS 143
111111000   29   21   25   37   21   32   24   26 11.182349 0.191580 SUCCESS 144
111111010   29   27   30   24   25   23   22   19  4.096517 0.848312 SUCCESS 145
111111100   22   21   31   29   19   27   28   38 13.385418 0.099259 SUCCESS 146
111111110   24   30   29   33   23   26   27   24  5.852750 0.663722 SUCCESS 147

		  NONPERIODIC TEMPLATES TEST
-------------------------------------------------------------------------------------
		  COMPUTATIONAL INFORMATION
-------------------------------------------------------------------------------------
	LAMBDA = 24.398438	M = 12500	N = 8	m = 9	n = 100000
-------------------------------------------------------------------------------------
		F R E Q U E N C Y
Template   W_1  W_2  W_3  W_4  W_5  W_6  W_7  W_8    Chi^2   P_value Assignment Index
-------------------------------------------------------------------------------------
000000001   25   26   31   26   22   23   19   24  3.647033 0.887484 SUCCESS   0
000000011   27   24   23   25   18   21   17   24  4.941203 0.763842 SUCCESS   1
000000101   31   24   22   17   22   22   23   23  5.068965 0.750180 SUCCESS   2
000000111   25   25   17   28   22   30   17   22  7.035045 0.532856 SUCCESS   3
000001001   22   27   27   24   22   24   24   22  1.324808 0.995249 SUCCESS   4
000001011   29   26   25   25   19   19   34   26  7.520277 0.481674 SUCCESS   5
000001101   23   24   26   22   22   23   20   26  1.696840 0.988938 SUCCESS   6
000001111   23   22   23   19   22   23   17   25  4.305041 0.828606 SUCCESS   7
000010001   32   27   23   21   23   29   23   27  4.656552 0.793574 SUCCESS   8
000010011   17   28   25   23   19   20   22   21  5.754115 0.674753 SUCCESS   9
000010101   27   21   22   12   23   21   32   17 12.871721 0.116340 SUCCESS  10
000010111   28   25   26   19   20   19   28   20  5.331771 0.721598 SUCCESS  11
000011001   17   30   18   23   22   24   34   28 10.171506 0.253194 SUCCESS  12
000011011   31   25   23   25   23   29   18   22  4.918034 0.766300 SUCCESS  13
000011101   22   28   17   28   23   25   28   32  6.757676 0.562989 SUCCESS  14
000011111   18   20   27   17   33   28   16   24 11.839033 0.158532 SUCCESS  15
000100011   27   22   19   29   20   22   19   25  4.975626 0.760178 SUCCESS  16
000100101   27   19   26   26   30   37   21   31 12.131628 0.145427 SUCCESS  17
000100111   21   22   30   31   20   35   26   21 10.088096 0.258897 SUCCESS  18
000101001   13   16   31   16   30   20   24   24 15.489851 0.050292 SUCCESS  19
000101011   34   18   24   16   22   18   38   16 21.439726 0.006067 FAILURE  20
000101101   24   37   19   26   28   23   33   25 11.860216 0.157551 SUCCESS  21
000101111   31   25   32   20   18   23   33   28 10.630920 0.223501 SUCCESS  22
000110011   25   28   22   29   18   23   28   20  4.892217 0.769032 SUCCESS  23
000110101   18   28   21   15   24   29   22   26  7.771829 0.456070 SUCCESS  24
000110111   27   21   22   31   28   28   25   23  4.063418 0.851357 SUCCESS  25
000111001   31   20   26   28   26   26   17   19  7.095286 0.526388 SUCCESS  26
000111011   26   35   20   31   27   17   23   33 13.359600 0.100061 SUCCESS  27
000111101   20   23   17   24   25   24   24   19  4.491719 0.810261 SUCCESS  28
000111111   21   24   28   20   24   18   18   22  5.584648 0.693645 SUCCESS  29
001000011   20   28   18   23   34   37   26   26 14.037468 0.080794 SUCCESS  30
001000101   32   27   33   16   26   28   25   39 18.564086 0.017373 SUCCESS  31
001000111   26   30   25   20   29   19   16   23  7.475924 0.486259 SUCCESS  32
001001011   23   22   23   20   29   42   27   30 16.868093 0.031512 SUCCESS  33
001001101   19   19   18   32   18   16   22   25 11.633819 0.168305 SUCCESS  34
001001111   23   22   17   25   21   26   27   30  4.875005 0.770848 SUCCESS  35
001010011   11   24   32   20   25   31   23   24 12.831341 0.117786 SUCCESS  36
001010101   30   15   24   27   23   22   19   25  6.941706 0.542935 SUCCESS  37
001010111   29   18   17   19   22   36   27   23 12.501013 0.130211 SUCCESS  38
001011011   25   30   25   31   28   19   32   20  8.258384 0.408646 SUCCESS  39
001011101   24   25   20   25   17   22   23   26  3.611286 0.890383 SUCCESS  40
001011111   28   20   24   22   32   26   30   27  5.792509 0.670461 SUCCESS  41
001100101   26   33   30   21   25   32   26   33 10.768612 0.215158 SUCCESS  42
001100111   24   26   25   27   23   15   23   25  4.340788 0.825142 SUCCESS  43
001101011   15   35   22   16   21   25   23   28 12.873045 0.116293 SUCCESS  44
001101101   19   21   19   23   27   15   20   20  8.709854 0.367360 SUCCESS  45
001101111   21   20   19   30   22   31   30   30  8.621811 0.375196 SUCCESS  46
001110101   25   30   28   29   20   25   29   25  4.538720 0.805547 SUCCESS  47
001110111   18   35   22   31   26   28   26   30 10.682554 0.220343 SUCCESS  48
001111011   18   24   22   27   23   24   29   25  3.273676 0.916028 SUCCESS  49
001111101   28   23   22   26   23   23   20   29  2.867221 0.942412 SUCCESS  50
001111111   19   17   33   25   30   17   23   27 10.721611 0.217977 SUCCESS  51
010000011   15   21   19   19   23   23   25   24  6.888748 0.548682 SUCCESS  52
010000111   19   29   25   21   22   36   37   23 15.393202 0.051936 SUCCESS  53
010001011   32   31   29   28   22   28   18   37 14.996677 0.059210 SUCCESS  54
010001111   29   26   26   20   23   18   22   23  4.077982 0.850020 SUCCESS  55
010010011   24   19   21   29   22   19   35   29  9.765050 0.281905 SUCCESS  56
010010111   18   27   25   28   17   35   28   24 10.223140 0.249712 SUCCESS  57
010011011   16   19   13   30   26   19   23   20 13.302670 0.101851 SUCCESS  58
010011111   22   31   25   30   23   23   27   26  3.995896 0.857494 SUCCESS  59
010100011   29   31   24   25   23   25   19   22  4.342112 0.825014 SUCCESS  60
010100111   13   26   26   29   16   23   31   31 13.382770 0.099341 SUCCESS  61
010101011   29   11   28   32   28   27   19   24 13.578054 0.093448 SUCCESS  62
010101111   27   19   25   23   19   26   20   24  3.789359 0.875611 SUCCESS  63
010110011   29   36   31   24   21   20   20   27 10.867909 0.209297 SUCCESS  64
010110111   28   26   22   32   23   17   34   14 14.238710 0.075752 SUCCESS  65
010111011   19   25   28   21   26   32   25   25  4.876329 0.770709 SUCCESS  66
010111111   26   26   30   19   21   21   21   31  6.095696 0.636513 SUCCESS  67
011000111   26   22   21   31   23   14   24   28  7.908197 0.442489 SUCCESS  68
011001111   22   32   27   31   24   19   23   28  6.698760 0.569455 SUCCESS  69
011010111   18   33   26   18   24   23   17   24  9.127564 0.331649 SUCCESS  70
011011111   19   30   21   31   30   28   25   23  6.876832 0.549978 SUCCESS  71
011101111   20   24   19   28   23   26   28   23  3.434537 0.904210 SUCCESS  72
011111111   21   21   26   25   21   21   24   28  2.637514 0.955010 SUCCESS  73
100000000   25   26   31   26   22   23   19   24  3.647033 0.887484 SUCCESS  74
100010000   24   21   20   23   31   35   29   23  8.986562 0.343431 SUCCESS  75
100100000   19   20   22   23   22   26   23   32  5.264250 0.728995 SUCCESS  76
100101000   31   18   21   25   22   24   19   17  7.889661 0.444322 SUCCESS  77
100110000   33   20   20   20   20   19   28   33 11.331956 0.183590 SUCCESS  78
100111000   26   31   33   23   23   25   30   27  6.886762 0.548898 SUCCESS  79
101000000   25   25   20   25   20   32   23   17  6.535251 0.587500 SUCCESS  80
101000100   26   12   24   27   21   36   21   22 13.839536 0.086045 SUCCESS  81
101001000   18   21   22   25   26   32   23   28  5.672029 0.683915 SUCCESS  82
101001100   26   21   30   23   22   21   22   26  3.095604 0.928215 SUCCESS  83
101010000   22   32   20   20   27   21   33   24  8.248454 0.409584 SUCCESS  84
101010100   18   22   22   24   19   16   26   24  6.567026 0.583983 SUCCESS  85
101011000   22   26   22   22   23   19   35   23  7.001947 0.536423 SUCCESS  86
101011100   25   15   22   25   26   25   21   25  4.645298 0.794727 SUCCESS  87
101100000   30   24   30   27   24   23   15   25  6.799381 0.558425 SUCCESS  88
101100100   29   21   25   23   26   24   23   35  6.444560 0.597563 SUCCESS  89
101101000   30   34   22   23   27   28   21   17  9.206339 0.325190 SUCCESS  90
101101100   28   20   27   32   31   18   32   20 10.952642 0.204397 SUCCESS  91
101110000   21   29   22   20   23   18   19   18  7.236287 0.511367 SUCCESS  92
101110100   21   23   20   20   22   23   31   23  4.467226 0.812703 SUCCESS  93
101111000   27   27   17   20   27   33   26   31  9.088507 0.334885 SUCCESS  94
101111100   20   22   18   18   25   24   28   16  8.092227 0.424513 SUCCESS  95
110000000   25   22   28   17   23   19   16   31  9.279819 0.319244 SUCCESS  96
110000010   29   23   27   24   27   24   26   16  4.663834 0.792827 SUCCESS  97
110000100   19   28   17   27   17   22   22   31  9.042830 0.338696 SUCCESS  98
110001000   21   29   22   24   30   27   28   28  4.352041 0.824047 SUCCESS  99
110001010   23   14   25   24   27   19   33   25  9.357271 0.313059 SUCCESS 100
110010000   24   28   27   20   24   27   20   28  3.325311 0.912317 SUCCESS 101
110010010   26   18   22   26   23   26   27   19  3.908515 0.865282 SUCCESS 102
110010100   29   23   27   23   14   32   30   23  9.790867 0.280012 SUCCESS 103
110011000   28   33   24   30   16   15   24   27 12.044247 0.149241 SUCCESS 104
110011010   25   33   29   26   22   23   24   23  4.571819 0.802206 SUCCESS 105
110100000   22   25   24   25   18   30   28   21  4.383816 0.820941 SUCCESS 106
110100010   25   25   26   29   26   35   16   23  8.977956 0.344159 SUCCESS 107
110100100   16   19   24   18   24   31   28   27  8.653586 0.372356 SUCCESS 108
110101000   22   24   19   24   20   34   29   27  7.401120 0.494036 SUCCESS 109
110101010   17   18   26   29   24   21   26   23  5.746833 0.675566 SUCCESS 110
110101100   23   30   17   24   25   23   37   29 11.461042 0.176919 SUCCESS 111
110110000   25   25   27   27   30   23   20   22  3.079716 0.929256 SUCCESS 112
110110010   31   27   28   23   20   20   21   30  6.223458 0.622217 SUCCESS 113
110110100   26   34   23   21   19   31   18   22  9.645894 0.290764 SUCCESS 114
110111000   16   26   19   24   19   23   15   25  9.413539 0.308619 SUCCESS 115
110111010   19   22   24   24   38   26   30   16 13.756126 0.088348 SUCCESS 116
110111100   27   19   20   24   26   21   23   37  9.756444 0.282538 SUCCESS 117
111000000   21   31   30   15   24   19   28   27  9.485033 0.303044 SUCCESS 118
111000010   17   24   21   24   18   27   21   22  5.576042 0.694601 SUCCESS 119
111000100   17   25   23   29   24   28   29   25  4.782990 0.780499 SUCCESS 120
111000110   20   27   29   19   30   27   29   26  5.860031 0.662907 SUCCESS 121
111001000   25   26   27   21   22   31   21   22  3.723161 0.881197 SUCCESS 122
111001010   31   17   24   30   17   27   28   25  8.672122 0.370706 SUCCESS 123
111001100   25   32   22   19   20   25   20   27  5.883201 0.660313 SUCCESS 124
111010000   23   29   23   22   19   23   29   21  4.010460 0.856179 SUCCESS 125
111010010   16   23   22   21   16   26   25   26  7.025116 0.533925 SUCCESS 126
111010100   25   29   26   36   30   23   20   24  8.962069 0.345506 SUCCESS 127
111010110   26   30   21   32   25   20   33   23  8.427851 0.392830 SUCCESS 128
111011000   25   21   22   31   24   20   22   28  4.214350 0.837285 SUCCESS 129
111011010   30   39   16   24   20   29   32   20 18.341660 0.018806 SUCCESS 130
111011100   20   22   23   24   20   27   19   28  4.043559 0.853172 SUCCESS 131
111100000   33   29   20   24   25   19   27   28  6.944354 0.542648 SUCCESS 132
111100010   21   21   20   22   33   28   29   27  6.909931 0.546381 SUCCESS 133
111100100   30   27   28   23   17   22   25   23  4.909428 0.767211 SUCCESS 134
111100110   29   30   22   20   21   23   19   29  5.993751 0.647932 SUCCESS 135
111101000   29   32   35   27   35   30   25   23 14.582939 0.067781 SUCCESS 136
111101010   20   19   33   35   25   19   26   14 15.890349 0.043977 SUCCESS 137
111101100   20   17   22   32   21   22   25   26  6.687506 0.570693 SUCCESS 138
111101110   24   21   25   23   20   27   17   22  4.263336 0.832617 SUCCESS 139
111110000   26   15   32   23   24   25   28   26  7.062187 0.529938 SUCCESS 140
111110010   24   22   30   31   23   24   28   24  4.072024 0.850567 SUCCESS 141
111110100   21   28   23   26   28   25   24   24  1.808715 0.986325 SUCCESS 142
111110110   22   26   23   26   21   20   19   31  4.933922 0.764615 SUCCESS 143
111111000   23   18   35   28   17   22   28   27 10.527651 0.229925 SUCCESS 144
111111010   25   25   23   17   28   19   18   23  6.034132 0.643408 SUCCESS 145
111111100   20   19   36   34   20   26   30   26 14.028862 0.081016 SUCCESS 146
111111110   21   21   26   25   21   21   24   28  2.637514 0.955010 SUCCESS 147

